InterviewerID,Name,Position,Institution,Email
1,Danielle Johnson,Student Selection Officer,University of Sydney,danielle.johnson@example.com
2,Joshua Walker,Scholarship Interviewer,IE University,joshua.walker@example.com
3,Jill Rhodes,Program Evaluator,University of Johannesburg,jill.rhodes@example.com
4,Patricia Miller,Student Selection Officer,University of Melbourne,patricia.miller@example.com
5,Robert Johnson,Evaluator for Scholarship Applications,University of Buenos Aires,robert.johnson@example.com
6,Jeffery Wagner,Admissions Interviewer,Middle East Technical University,jeffery.wagner@example.com
7,Anthony Gonzalez,Program Evaluator,University of Oxford,anthony.gonzalez@example.com
8,Debra Gardner,Admissions Interviewer,China Scholarship Council,debra.gardner@example.com
9,Jeffrey Lawrence,Evaluator for Scholarship Applications,King Abdulaziz University,jeffrey.lawrence@example.com
10,Lisa Smith,Admissions Interviewer,University of Johannesburg,lisa.smith@example.com
11,Linda Wolfe,Student Selection Officer,IIT Delhi,linda.wolfe@example.com
12,Matthew Moore,Scholarship Interviewer,University of Cape Town,matthew.moore@example.com
13,Susan Rogers,Evaluator for Scholarship Applications,University of Toronto,susan.rogers@example.com
14,Christopher Davis,Scholarship Interviewer,IIT Bombay,christopher.davis@example.com
15,Melanie Munoz,Admissions Interviewer,University of Oslo,melanie.munoz@example.com
16,Lindsay Blair,Student Selection Officer,University of Edinburgh,lindsay.blair@example.com
17,Amanda Dudley,Admissions Interviewer,University of Oslo,amanda.dudley@example.com
18,Nicholas Arnold,Interview Panel Member,Harvard University,nicholas.arnold@example.com
19,Maria Montgomery,Evaluator for Scholarship Applications,University of Oxford,maria.montgomery@example.com
20,Michelle Ray,Student Selection Officer,Karolinska Institutet,michelle.ray@example.com
21,Janet Williams,Scholarship Interviewer,IIT Bombay,janet.williams@example.com
22,Jeremy Roberts,Admissions Interviewer,Fulbright Program,jeremy.roberts@example.com
23,Christopher Hall,Interview Panel Member,Fudan University,christopher.hall@example.com
24,Craig Ramirez,Evaluator for Scholarship Applications,MIT,craig.ramirez@example.com
25,Cynthia Diaz,Interview Panel Member,Peking University,cynthia.diaz@example.com
26,Mitchell Clark,Scholarship Interviewer,Ain Shams University,mitchell.clark@example.com
27,Joseph Zuniga,Evaluator for Scholarship Applications,King Abdulaziz University,joseph.zuniga@example.com
28,Deborah Lynch,Scholarship Interviewer,Alexandria University,deborah.lynch@example.com
29,George Daniel,Student Selection Officer,University of Oslo,george.daniel@example.com
30,Frank Gray,Admissions Interviewer,University of Lagos,frank.gray@example.com
31,Veronica Bowman,Interview Panel Member,University of Buenos Aires,veronica.bowman@example.com
32,Angela Cohen,Evaluator for Scholarship Applications,Karolinska Institutet,angela.cohen@example.com
33,Megan Parsons,Scholarship Interviewer,University of Johannesburg,megan.parsons@example.com
34,Jeremy Johnson,Program Evaluator,University of Malaya,jeremy.johnson@example.com
35,Leslie Adams,Scholarship Interviewer,American University of Sharjah,leslie.adams@example.com
36,Jason Hahn,Scholarship Interviewer,University of Melbourne,jason.hahn@example.com
37,Nancy Edwards,Student Selection Officer,Cairo University,nancy.edwards@example.com
38,Diana Foster,Scholarship Interviewer,University of Nairobi,diana.foster@example.com
39,Robin Ellis,Student Selection Officer,National Autonomous University of Mexico,robin.ellis@example.com
40,Joseph Wright,Program Evaluator,King Saud University,joseph.wright@example.com
41,Anna Baker,Student Selection Officer,University of Nairobi,anna.baker@example.com
42,Brenda Hurst,Student Selection Officer,Erasmus+ / European Commission,brenda.hurst@example.com
43,Reginald Robinson,Interview Panel Member,University of Cambridge,reginald.robinson@example.com
44,Whitney Hicks,Evaluator for Scholarship Applications,IIT Delhi,whitney.hicks@example.com
45,Christopher Williams,Interview Panel Member,Sorbonne University,christopher.williams@example.com
46,Daniel Burton,Scholarship Interviewer,University of Sydney,daniel.burton@example.com
47,Laura Henderson,Student Selection Officer,Heidelberg University,laura.henderson@example.com
48,Bryan James,Student Selection Officer,Sorbonne University,bryan.james@example.com
49,Wendy Rice,Program Evaluator,IIT Bombay,wendy.rice@example.com
50,Tasha Valencia,Student Selection Officer,National Autonomous University of Mexico,tasha.valencia@example.com
51,Alexander Le,Interview Panel Member,University of Seoul,alexander.le@example.com
52,Erin Herrera,Program Evaluator,Fudan University,erin.herrera@example.com
53,Joseph Davidson,Evaluator for Scholarship Applications,Middle East Technical University,joseph.davidson@example.com
54,Daniel Graham,Interview Panel Member,Fudan University,daniel.graham@example.com
55,Shawn Mckay,Admissions Interviewer,McGill University,shawn.mckay@example.com
56,Nancy Baker,Program Evaluator,Peking University,nancy.baker@example.com
57,Vincent White,Admissions Interviewer,United Arab Emirates University,vincent.white@example.com
58,Rita Harrell,Admissions Interviewer,DAAD,rita.harrell@example.com
59,Kenneth Fowler,Program Evaluator,University of Oslo,kenneth.fowler@example.com
60,Chelsea Hernandez,Student Selection Officer,IIT Bombay,chelsea.hernandez@example.com
61,Kathryn Ryan,Evaluator for Scholarship Applications,University of Sydney,kathryn.ryan@example.com
62,Kimberly Moreno,Scholarship Interviewer,Stanford University,kimberly.moreno@example.com
63,Aaron Nguyen,Admissions Interviewer,Heidelberg University,aaron.nguyen@example.com
64,Andrew Hickman,Admissions Interviewer,University of Cape Town,andrew.hickman@example.com
65,Natasha Decker,Admissions Interviewer,American University of Sharjah,natasha.decker@example.com
66,Kyle Brown,Interview Panel Member,King Abdulaziz University,kyle.brown@example.com
67,Natalie Arroyo,Program Evaluator,University of Delhi,natalie.arroyo@example.com
68,Christopher Tucker,Student Selection Officer,University of Cape Town,christopher.tucker@example.com
69,Chad Hodges,Admissions Interviewer,Tsinghua University,chad.hodges@example.com
70,Katie Anderson,Student Selection Officer,IIT Bombay,katie.anderson@example.com
71,Thomas Pierce,Evaluator for Scholarship Applications,Heidelberg University,thomas.pierce@example.com
72,Joseph Brennan,Program Evaluator,Cairo University,joseph.brennan@example.com
73,Rodney Lewis,Interview Panel Member,Erasmus+ / European Commission,rodney.lewis@example.com
74,Amber Blair,Admissions Interviewer,Peking University,amber.blair@example.com
75,James Collins,Student Selection Officer,McGill University,james.collins@example.com
76,Wanda Santos,Program Evaluator,University of Lagos,wanda.santos@example.com
77,Samuel Holmes,Admissions Interviewer,Utrecht University,samuel.holmes@example.com
78,David Walker,Student Selection Officer,Karolinska Institutet,david.walker@example.com
79,Matthew Chapman,Interview Panel Member,Stanford University,matthew.chapman@example.com
80,Jerry Robinson,Program Evaluator,King Saud University,jerry.robinson@example.com
81,Chad Welch,Interview Panel Member,King Saud University,chad.welch@example.com
82,Jeremy Whitehead,Interview Panel Member,University of Johannesburg,jeremy.whitehead@example.com
83,Michele Jones,Admissions Interviewer,Middle East Technical University,michele.jones@example.com
84,John Caldwell,Evaluator for Scholarship Applications,McGill University,john.caldwell@example.com
85,Jason Anderson,Scholarship Interviewer,Cairo University,jason.anderson@example.com
86,Selena Duncan,Interview Panel Member,Humboldt University Berlin,selena.duncan@example.com
87,Thomas Mueller,Program Evaluator,McGill University,thomas.mueller@example.com
88,Lindsey Lee,Admissions Interviewer,University of Buenos Aires,lindsey.lee@example.com
89,Collin Jordan,Scholarship Interviewer,Utrecht University,collin.jordan@example.com
90,Rodney Owens,Program Evaluator,Stanford University,rodney.owens@example.com
91,Jessica Nunez,Scholarship Interviewer,American University of Sharjah,jessica.nunez@example.com
92,Tracey Garcia,Evaluator for Scholarship Applications,Karolinska Institutet,tracey.garcia@example.com
93,Richard Morgan,Evaluator for Scholarship Applications,University of Tokyo,richard.morgan@example.com
94,Michelle Wright,Scholarship Interviewer,University of SÃ£o Paulo,michelle.wright@example.com
95,James West,Admissions Interviewer,University of Edinburgh,james.west@example.com
96,Robert Ramirez,Admissions Interviewer,Sorbonne University,robert.ramirez@example.com
97,John Leblanc,Admissions Interviewer,King Saud University,john.leblanc@example.com
98,Scott Callahan,Interview Panel Member,University of Cambridge,scott.callahan@example.com
99,Andrea Williams,Admissions Interviewer,University of Johannesburg,andrea.williams@example.com
100,Yvette Huff,Student Selection Officer,University of Tokyo,yvette.huff@example.com
101,Tanya House,Program Evaluator,Bosphorus University,tanya.house@example.com
102,Melinda Martin,Student Selection Officer,Cairo University,melinda.martin@example.com
103,Todd Lewis,Scholarship Interviewer,Cairo University,todd.lewis@example.com
104,Richard Brown,Interview Panel Member,Erasmus+ / European Commission,richard.brown@example.com
105,Nicholas Galloway,Evaluator for Scholarship Applications,University of Buenos Aires,nicholas.galloway@example.com
106,Joseph Bowers,Admissions Interviewer,University of Lagos,joseph.bowers@example.com
107,Spencer Henderson,Admissions Interviewer,DAAD,spencer.henderson@example.com
108,Susan Cowan,Scholarship Interviewer,Moscow State University,susan.cowan@example.com
109,Angela Higgins,Evaluator for Scholarship Applications,University of Toronto,angela.higgins@example.com
110,Eric Phillips,Evaluator for Scholarship Applications,American University in Cairo,eric.phillips@example.com
111,Tanya Riley,Interview Panel Member,University of Buenos Aires,tanya.riley@example.com
112,Amy Adkins,Student Selection Officer,Middle East Technical University,amy.adkins@example.com
113,Brian Silva,Program Evaluator,University of Cambridge,brian.silva@example.com
114,Wesley Farrell,Interview Panel Member,Bosphorus University,wesley.farrell@example.com
115,Eric Yu,Interview Panel Member,DAAD,eric.yu@example.com
116,Christopher Lopez,Scholarship Interviewer,National Autonomous University of Mexico,christopher.lopez@example.com
117,Brooke Leonard,Program Evaluator,University of Oxford,brooke.leonard@example.com
118,Joe Wilson,Student Selection Officer,University of Nairobi,joe.wilson@example.com
119,Pamela Sanchez,Scholarship Interviewer,University of Oslo,pamela.sanchez@example.com
120,Brooke Harvey,Scholarship Interviewer,Harvard University,brooke.harvey@example.com
121,Robert Silva,Scholarship Interviewer,University of Buenos Aires,robert.silva@example.com
122,Alexandra Donovan,Program Evaluator,Middle East Technical University,alexandra.donovan@example.com
123,James Moran,Evaluator for Scholarship Applications,University of Cambridge,james.moran@example.com
124,John Foster,Student Selection Officer,Chevening Scholarships / British Council,john.foster@example.com
125,Emily Evans,Program Evaluator,University of Cape Town,emily.evans@example.com
126,Leslie Walton,Program Evaluator,Bosphorus University,leslie.walton@example.com
127,Charles Ellis,Admissions Interviewer,McGill University,charles.ellis@example.com
128,Yolanda Ferrell,Interview Panel Member,University of Delhi,yolanda.ferrell@example.com
129,Charles Lewis,Admissions Interviewer,Fudan University,charles.lewis@example.com
130,Joseph Mahoney,Interview Panel Member,Erasmus+ / European Commission,joseph.mahoney@example.com
131,Nicole Suarez,Scholarship Interviewer,Alexandria University,nicole.suarez@example.com
132,Mike Moore,Evaluator for Scholarship Applications,IE University,mike.moore@example.com
133,Martha Warner,Admissions Interviewer,IE University,martha.warner@example.com
134,Cheryl Archer,Program Evaluator,Alexandria University,cheryl.archer@example.com
135,Destiny Smith,Program Evaluator,American University of Sharjah,destiny.smith@example.com
136,Lisa Evans,Student Selection Officer,American University of Sharjah,lisa.evans@example.com
137,Elizabeth Mcmillan,Scholarship Interviewer,University of Edinburgh,elizabeth.mcmillan@example.com
138,Dennis Wilson,Scholarship Interviewer,Universitas Indonesia,dennis.wilson@example.com
139,Daniel Tran,Scholarship Interviewer,King Abdulaziz University,daniel.tran@example.com
140,Joseph Jacobs,Scholarship Interviewer,University of Edinburgh,joseph.jacobs@example.com
141,Jennifer Harris,Student Selection Officer,University of SÃ£o Paulo,jennifer.harris@example.com
142,Cynthia Baker,Interview Panel Member,Moscow State University,cynthia.baker@example.com
143,Tracy Whitehead,Program Evaluator,King Saud University,tracy.whitehead@example.com
144,Meghan Davis,Program Evaluator,University of Nairobi,meghan.davis@example.com
145,Rodney Hill,Evaluator for Scholarship Applications,University of Edinburgh,rodney.hill@example.com
146,Adam Wise,Admissions Interviewer,University of Buenos Aires,adam.wise@example.com
147,Dana Green,Student Selection Officer,Harvard University,dana.green@example.com
148,Joyce Arnold,Scholarship Interviewer,Tsinghua University,joyce.arnold@example.com
149,Ronald Smith,Program Evaluator,Indian Council for Cultural Relations (ICCR),ronald.smith@example.com
150,Charles Ware,Scholarship Interviewer,Heidelberg University,charles.ware@example.com
151,Rebecca Gardner,Program Evaluator,IIT Delhi,rebecca.gardner@example.com
152,Mary Aguilar,Evaluator for Scholarship Applications,TU Munich,mary.aguilar@example.com
153,Earl Anderson,Student Selection Officer,University of Oslo,earl.anderson@example.com
154,Kyle Nolan,Scholarship Interviewer,Utrecht University,kyle.nolan@example.com
155,Laura Valencia,Scholarship Interviewer,University of Seoul,laura.valencia@example.com
156,Rachel Clark,Evaluator for Scholarship Applications,Humboldt University Berlin,rachel.clark@example.com
157,John Garcia,Evaluator for Scholarship Applications,Moscow State University,john.garcia@example.com
158,Kimberly Henson,Admissions Interviewer,Universitas Indonesia,kimberly.henson@example.com
159,Richard Oliver,Evaluator for Scholarship Applications,Fulbright Program,richard.oliver@example.com
160,Eric Spears,Interview Panel Member,University of Johannesburg,eric.spears@example.com
161,Michelle Cherry,Interview Panel Member,Universitas Indonesia,michelle.cherry@example.com
162,Lisa Keith,Evaluator for Scholarship Applications,University of Delhi,lisa.keith@example.com
163,Angel Doyle,Evaluator for Scholarship Applications,IIT Bombay,angel.doyle@example.com
164,Martin Galvan,Interview Panel Member,University of Delhi,martin.galvan@example.com
165,Leah Shields,Program Evaluator,University of Buenos Aires,leah.shields@example.com
166,Lisa Adams,Evaluator for Scholarship Applications,Tsinghua University,lisa.adams@example.com
167,Kristin Rodriguez,Scholarship Interviewer,Bosphorus University,kristin.rodriguez@example.com
168,Monica Garrison,Admissions Interviewer,Harvard University,monica.garrison@example.com
169,Jeffrey Velasquez,Student Selection Officer,Bosphorus University,jeffrey.velasquez@example.com
170,Steven Torres,Admissions Interviewer,IIT Delhi,steven.torres@example.com
171,Laura Perez,Student Selection Officer,Harvard University,laura.perez@example.com
172,Andrew Lee,Evaluator for Scholarship Applications,Ain Shams University,andrew.lee@example.com
173,Mark Lin,Program Evaluator,IE University,mark.lin@example.com
174,Tammy Ramirez,Evaluator for Scholarship Applications,University of Tokyo,tammy.ramirez@example.com
175,Darlene Ross,Student Selection Officer,University of Malaya,darlene.ross@example.com
176,Tina Herrera,Interview Panel Member,Alexandria University,tina.herrera@example.com
177,Sheila Wilson,Scholarship Interviewer,University of Nairobi,sheila.wilson@example.com
178,Tara White,Admissions Interviewer,University of Oxford,tara.white@example.com
179,Sydney Baker,Evaluator for Scholarship Applications,Indian Council for Cultural Relations (ICCR),sydney.baker@example.com
180,Daniel Hamilton,Scholarship Interviewer,Tsinghua University,daniel.hamilton@example.com
181,Jessica Edwards,Interview Panel Member,Erasmus+ / European Commission,jessica.edwards@example.com
182,Catherine Dixon,Student Selection Officer,University of Delhi,catherine.dixon@example.com
183,Paul Ray,Evaluator for Scholarship Applications,University of Nairobi,paul.ray@example.com
184,Jonathan Fletcher,Program Evaluator,China Scholarship Council,jonathan.fletcher@example.com
185,Aaron Frost,Scholarship Interviewer,University of Melbourne,aaron.frost@example.com
186,Amanda Ball,Program Evaluator,Karolinska Institutet,amanda.ball@example.com
187,Judy Lambert,Interview Panel Member,Humboldt University Berlin,judy.lambert@example.com
188,Michael Jones,Evaluator for Scholarship Applications,Indian Council for Cultural Relations (ICCR),michael.jones@example.com
189,Elizabeth Rivera,Interview Panel Member,University of Toronto,elizabeth.rivera@example.com
190,Lee Charles,Evaluator for Scholarship Applications,IIT Bombay,lee.charles@example.com
191,Jennifer Evans,Interview Panel Member,University of Toronto,jennifer.evans@example.com
192,Kyle Ortiz,Student Selection Officer,China Scholarship Council,kyle.ortiz@example.com
193,Richard Phillips,Evaluator for Scholarship Applications,Fulbright Program,richard.phillips@example.com
194,David Fisher,Admissions Interviewer,McGill University,david.fisher@example.com
195,Shelby Byrd,Interview Panel Member,University of Malaya,shelby.byrd@example.com
196,Raven Gilbert,Student Selection Officer,Fudan University,raven.gilbert@example.com
197,Kevin Kelley,Student Selection Officer,TU Munich,kevin.kelley@example.com
198,Aaron Mitchell,Program Evaluator,University of Cambridge,aaron.mitchell@example.com
199,Russell Carpenter,Interview Panel Member,Peking University,russell.carpenter@example.com
200,Diana Marshall,Program Evaluator,DAAD,diana.marshall@example.com
201,Scott Lewis,Program Evaluator,Utrecht University,scott.lewis@example.com
202,Thomas Santana,Scholarship Interviewer,Moscow State University,thomas.santana@example.com
203,Laura Jackson,Evaluator for Scholarship Applications,King Abdulaziz University,laura.jackson@example.com
204,Christopher Robertson,Interview Panel Member,University of Edinburgh,christopher.robertson@example.com
205,Cynthia Rogers,Evaluator for Scholarship Applications,Indian Council for Cultural Relations (ICCR),cynthia.rogers@example.com
206,Loretta Potter,Interview Panel Member,Universitas Indonesia,loretta.potter@example.com
207,Emily Walker,Evaluator for Scholarship Applications,University of Oslo,emily.walker@example.com
208,James Johnson,Program Evaluator,China Scholarship Council,james.johnson@example.com
209,John Alvarez,Interview Panel Member,Tsinghua University,john.alvarez@example.com
210,Melissa Jones,Program Evaluator,University of Lagos,melissa.jones@example.com
211,Robert Soto,Interview Panel Member,Harvard University,robert.soto@example.com
212,James Horton,Student Selection Officer,King Abdulaziz University,james.horton@example.com
213,Troy Sanchez,Student Selection Officer,King Saud University,troy.sanchez@example.com
214,Diana Smith,Evaluator for Scholarship Applications,University of SÃ£o Paulo,diana.smith@example.com
215,Karen Carrillo,Interview Panel Member,IE University,karen.carrillo@example.com
216,Daniel Coleman,Admissions Interviewer,Fulbright Program,daniel.coleman@example.com
217,Gregory Rubio,Student Selection Officer,MIT,gregory.rubio@example.com
218,April Williams,Interview Panel Member,University of Melbourne,april.williams@example.com
219,John Charles,Interview Panel Member,Chevening Scholarships / British Council,john.charles@example.com
220,Stephen Solis,Admissions Interviewer,National Autonomous University of Mexico,stephen.solis@example.com
221,Elizabeth Travis,Interview Panel Member,University of Oslo,elizabeth.travis@example.com
222,Caitlin Dodson,Scholarship Interviewer,IIT Bombay,caitlin.dodson@example.com
223,Patricia Salazar,Interview Panel Member,King Saud University,patricia.salazar@example.com
224,Jennifer Wagner,Admissions Interviewer,University of Edinburgh,jennifer.wagner@example.com
225,Maria Kelley,Admissions Interviewer,American University in Cairo,maria.kelley@example.com
226,Phyllis Manning,Program Evaluator,Indian Council for Cultural Relations (ICCR),phyllis.manning@example.com
227,Thomas Green,Student Selection Officer,University of Nairobi,thomas.green@example.com
228,John Walsh,Scholarship Interviewer,United Arab Emirates University,john.walsh@example.com
229,Katie Boyd,Admissions Interviewer,University of Cape Town,katie.boyd@example.com
230,Courtney Hill,Student Selection Officer,Humboldt University Berlin,courtney.hill@example.com
231,Chris Mitchell,Evaluator for Scholarship Applications,University of Malaya,chris.mitchell@example.com
232,Joseph Flores,Scholarship Interviewer,University of Lagos,joseph.flores@example.com
233,Amber Taylor,Program Evaluator,IIT Delhi,amber.taylor@example.com
234,Jesse Benson,Program Evaluator,American University of Sharjah,jesse.benson@example.com
235,Jasmine Brown,Scholarship Interviewer,Ain Shams University,jasmine.brown@example.com
236,Rick Daniels,Student Selection Officer,Alexandria University,rick.daniels@example.com
237,Robert Clark,Program Evaluator,University of Johannesburg,robert.clark@example.com
238,Robert Stein,Student Selection Officer,Sorbonne University,robert.stein@example.com
239,Brandy Dominguez,Student Selection Officer,Sorbonne University,brandy.dominguez@example.com
240,Melissa Cannon,Interview Panel Member,University of Lagos,melissa.cannon@example.com
241,Omar Smith,Student Selection Officer,Tsinghua University,omar.smith@example.com
242,Michael Molina,Interview Panel Member,Fulbright Program,michael.molina@example.com
243,Melissa Ashley,Evaluator for Scholarship Applications,King Saud University,melissa.ashley@example.com
244,Robert Adkins,Evaluator for Scholarship Applications,Chevening Scholarships / British Council,robert.adkins@example.com
245,Amy Morrison,Student Selection Officer,University of Johannesburg,amy.morrison@example.com
246,Jeffrey Robinson,Scholarship Interviewer,King Abdulaziz University,jeffrey.robinson@example.com
247,Ryan Johnson,Student Selection Officer,University of Melbourne,ryan.johnson@example.com
248,Matthew Shelton,Scholarship Interviewer,University of Nairobi,matthew.shelton@example.com
249,Richard Martin,Admissions Interviewer,University of Johannesburg,richard.martin@example.com
250,Tanner Anderson,Student Selection Officer,Chevening Scholarships / British Council,tanner.anderson@example.com
251,Cindy Johnson,Student Selection Officer,University of Melbourne,cindy.johnson@example.com
252,Phillip Elliott,Evaluator for Scholarship Applications,Stanford University,phillip.elliott@example.com
253,Anthony Day,Program Evaluator,Utrecht University,anthony.day@example.com
254,Derek Murray,Program Evaluator,University of Delhi,derek.murray@example.com
255,Brent Gray,Evaluator for Scholarship Applications,Ain Shams University,brent.gray@example.com
256,Jason Murphy,Admissions Interviewer,Chevening Scholarships / British Council,jason.murphy@example.com
257,Kathleen Gray,Program Evaluator,University of Edinburgh,kathleen.gray@example.com
258,Karen Decker,Evaluator for Scholarship Applications,DAAD,karen.decker@example.com
259,Johnny Miller,Admissions Interviewer,University of Melbourne,johnny.miller@example.com
260,Andrew Ryan,Admissions Interviewer,McGill University,andrew.ryan@example.com
261,Zoe Bell,Scholarship Interviewer,Bosphorus University,zoe.bell@example.com
262,Debra Harrington,Student Selection Officer,University of Cambridge,debra.harrington@example.com
263,Denise Webster,Student Selection Officer,McGill University,denise.webster@example.com
264,Stefanie Gonzalez,Interview Panel Member,University of Nairobi,stefanie.gonzalez@example.com
265,Andrew Hernandez,Evaluator for Scholarship Applications,University of Tokyo,andrew.hernandez@example.com
266,David Caldwell,Interview Panel Member,Sorbonne University,david.caldwell@example.com
267,Anne Robinson,Program Evaluator,University of Nairobi,anne.robinson@example.com
268,Holly Wang,Student Selection Officer,Chevening Scholarships / British Council,holly.wang@example.com
269,Gary Lawson,Student Selection Officer,Alexandria University,gary.lawson@example.com
270,Julie Wilson,Interview Panel Member,University of Johannesburg,julie.wilson@example.com
271,Lori Oconnell,Scholarship Interviewer,Harvard University,lori.oconnell@example.com
272,Daniel Johnson,Program Evaluator,University of Edinburgh,daniel.johnson@example.com
273,Larry Byrd,Evaluator for Scholarship Applications,Sorbonne University,larry.byrd@example.com
274,Susan Sanders,Admissions Interviewer,Ain Shams University,susan.sanders@example.com
275,Jennifer Jones,Admissions Interviewer,University of Lagos,jennifer.jones@example.com
276,Hannah Burton,Program Evaluator,Moscow State University,hannah.burton@example.com
277,Curtis Barton,Evaluator for Scholarship Applications,Heidelberg University,curtis.barton@example.com
278,Melissa Burke,Evaluator for Scholarship Applications,American University of Sharjah,melissa.burke@example.com
279,David Riggs,Program Evaluator,Erasmus+ / European Commission,david.riggs@example.com
280,Kimberly Reed,Student Selection Officer,Stanford University,kimberly.reed@example.com
281,Ross Wood,Interview Panel Member,Harvard University,ross.wood@example.com
282,William Peterson,Admissions Interviewer,Utrecht University,william.peterson@example.com
283,Melissa Short,Scholarship Interviewer,Chevening Scholarships / British Council,melissa.short@example.com
284,Daniel Yu,Interview Panel Member,King Abdulaziz University,daniel.yu@example.com
285,Cynthia Poole,Evaluator for Scholarship Applications,Sorbonne University,cynthia.poole@example.com
286,Jasmine Graham,Student Selection Officer,University of Melbourne,jasmine.graham@example.com
287,Jessica Sheppard,Student Selection Officer,University of Melbourne,jessica.sheppard@example.com
288,Joseph Morton,Scholarship Interviewer,IIT Bombay,joseph.morton@example.com
289,Amanda Webb,Scholarship Interviewer,University of Oslo,amanda.webb@example.com
290,Ryan Simon,Program Evaluator,University of Nairobi,ryan.simon@example.com
291,Joseph Christian,Student Selection Officer,TU Munich,joseph.christian@example.com
292,Mariah Miller,Program Evaluator,Stanford University,mariah.miller@example.com
293,Nicole Sanchez,Student Selection Officer,Karolinska Institutet,nicole.sanchez@example.com
294,Steven Bishop,Scholarship Interviewer,University of Cape Town,steven.bishop@example.com
295,Nicholas Johnson,Student Selection Officer,McGill University,nicholas.johnson@example.com
296,Melissa White,Program Evaluator,Humboldt University Berlin,melissa.white@example.com
297,Jason Salinas,Admissions Interviewer,Ain Shams University,jason.salinas@example.com
298,Matthew Beard,Student Selection Officer,University of Delhi,matthew.beard@example.com
299,Jacqueline Hill,Interview Panel Member,Moscow State University,jacqueline.hill@example.com
300,Alejandro Vaughan,Admissions Interviewer,McGill University,alejandro.vaughan@example.com
301,Christopher Cortez,Admissions Interviewer,University of Cape Town,christopher.cortez@example.com
302,Tracy Chang,Admissions Interviewer,University of Nairobi,tracy.chang@example.com
303,Hannah Brewer,Student Selection Officer,Alexandria University,hannah.brewer@example.com
304,Travis Mcguire,Scholarship Interviewer,United Arab Emirates University,travis.mcguire@example.com
305,Christopher Walker,Evaluator for Scholarship Applications,Utrecht University,christopher.walker@example.com
306,Heather Torres,Program Evaluator,Middle East Technical University,heather.torres@example.com
307,Bonnie Kennedy,Scholarship Interviewer,Karolinska Institutet,bonnie.kennedy@example.com
308,Alyssa Coleman,Interview Panel Member,Peking University,alyssa.coleman@example.com
309,Julie Rivera,Admissions Interviewer,Heidelberg University,julie.rivera@example.com
310,Jacqueline Nelson,Admissions Interviewer,University of Buenos Aires,jacqueline.nelson@example.com
311,John Martinez,Program Evaluator,Heidelberg University,john.martinez@example.com
312,James Wilson,Interview Panel Member,Karolinska Institutet,james.wilson@example.com
313,Amanda Gill,Interview Panel Member,University of Nairobi,amanda.gill@example.com
314,Jacob Robinson,Program Evaluator,Fudan University,jacob.robinson@example.com
315,Todd Hardy,Scholarship Interviewer,Indian Council for Cultural Relations (ICCR),todd.hardy@example.com
316,Tiffany Warren,Evaluator for Scholarship Applications,Harvard University,tiffany.warren@example.com
317,Justin Garcia,Interview Panel Member,University of Nairobi,justin.garcia@example.com
318,James Perez,Evaluator for Scholarship Applications,IE University,james.perez@example.com
319,Harry Smith,Student Selection Officer,IIT Delhi,harry.smith@example.com
320,Amanda Hill,Evaluator for Scholarship Applications,University of Cambridge,amanda.hill@example.com
321,Terri Tran,Program Evaluator,University of Tokyo,terri.tran@example.com
322,Heidi Martinez,Evaluator for Scholarship Applications,TU Munich,heidi.martinez@example.com
323,Miranda Henry,Scholarship Interviewer,University of Cambridge,miranda.henry@example.com
324,Monique Andrews,Evaluator for Scholarship Applications,Humboldt University Berlin,monique.andrews@example.com
325,Taylor Alexander,Program Evaluator,King Abdulaziz University,taylor.alexander@example.com
326,Jack Williams,Evaluator for Scholarship Applications,Fulbright Program,jack.williams@example.com
327,Shelley Woods,Student Selection Officer,American University of Sharjah,shelley.woods@example.com
328,Lynn Morales,Student Selection Officer,Indian Council for Cultural Relations (ICCR),lynn.morales@example.com
329,Charles Soto,Student Selection Officer,University of Tokyo,charles.soto@example.com
330,Brian Hernandez,Admissions Interviewer,University of Malaya,brian.hernandez@example.com
331,Anna Torres,Program Evaluator,University of Oxford,anna.torres@example.com
332,Victoria Wilson,Interview Panel Member,Utrecht University,victoria.wilson@example.com
333,Kathy Obrien,Student Selection Officer,Alexandria University,kathy.obrien@example.com
334,Krystal Perez,Scholarship Interviewer,University of Oxford,krystal.perez@example.com
335,Alexandra Hayes,Admissions Interviewer,Bosphorus University,alexandra.hayes@example.com
336,Scott Dalton,Interview Panel Member,IIT Delhi,scott.dalton@example.com
337,Veronica Torres,Evaluator for Scholarship Applications,University of Cambridge,veronica.torres@example.com
338,Christine Lynch,Student Selection Officer,McGill University,christine.lynch@example.com
339,Jody Meza,Scholarship Interviewer,Erasmus+ / European Commission,jody.meza@example.com
340,Jared Clark,Scholarship Interviewer,University of Cape Town,jared.clark@example.com
341,Donna Moore,Admissions Interviewer,China Scholarship Council,donna.moore@example.com
342,Glenn Jones,Student Selection Officer,China Scholarship Council,glenn.jones@example.com
343,Aaron Hayes,Interview Panel Member,Humboldt University Berlin,aaron.hayes@example.com
344,Brittney Carter,Scholarship Interviewer,Alexandria University,brittney.carter@example.com
345,Jesse Mann,Student Selection Officer,Utrecht University,jesse.mann@example.com
346,Jacqueline Gibson,Program Evaluator,Fulbright Program,jacqueline.gibson@example.com
347,Grace Bradshaw,Student Selection Officer,American University of Sharjah,grace.bradshaw@example.com
348,Kristin Weber,Program Evaluator,Indian Council for Cultural Relations (ICCR),kristin.weber@example.com
349,Donna Peck,Scholarship Interviewer,National Autonomous University of Mexico,donna.peck@example.com
350,Ronald Stephens,Evaluator for Scholarship Applications,Sorbonne University,ronald.stephens@example.com
351,Deborah Kerr,Program Evaluator,TU Munich,deborah.kerr@example.com
352,Margaret Jones,Evaluator for Scholarship Applications,Stanford University,margaret.jones@example.com
353,Gabriel Parker,Evaluator for Scholarship Applications,IE University,gabriel.parker@example.com
354,Kaitlyn Carroll,Interview Panel Member,University of Johannesburg,kaitlyn.carroll@example.com
355,Keith Martinez,Program Evaluator,Ain Shams University,keith.martinez@example.com
356,Haley Lyons,Evaluator for Scholarship Applications,Karolinska Institutet,haley.lyons@example.com
357,Sherri Mason,Admissions Interviewer,United Arab Emirates University,sherri.mason@example.com
358,Troy Miller,Evaluator for Scholarship Applications,IE University,troy.miller@example.com
359,Bill Reynolds,Admissions Interviewer,University of SÃ£o Paulo,bill.reynolds@example.com
360,Marcus Wright,Student Selection Officer,Stanford University,marcus.wright@example.com
361,Christopher Hayden,Admissions Interviewer,Ain Shams University,christopher.hayden@example.com
362,Mary Johnston,Interview Panel Member,IIT Bombay,mary.johnston@example.com
363,Stephanie Key,Evaluator for Scholarship Applications,American University of Sharjah,stephanie.key@example.com
364,Emily Adams,Evaluator for Scholarship Applications,King Saud University,emily.adams@example.com
365,Billy Avila,Interview Panel Member,University of Melbourne,billy.avila@example.com
366,Thomas Pearson,Program Evaluator,Fulbright Program,thomas.pearson@example.com
367,Sabrina White,Interview Panel Member,Alexandria University,sabrina.white@example.com
368,Brenda Walters,Student Selection Officer,Bosphorus University,brenda.walters@example.com
369,Travis Davis,Evaluator for Scholarship Applications,Stanford University,travis.davis@example.com
370,Michael Cook,Admissions Interviewer,University of Seoul,michael.cook@example.com
371,Elizabeth Hodge,Admissions Interviewer,American University in Cairo,elizabeth.hodge@example.com
372,Mark Steele,Evaluator for Scholarship Applications,IIT Delhi,mark.steele@example.com
373,Keith Landry,Scholarship Interviewer,Bosphorus University,keith.landry@example.com
374,Lisa Pierce,Program Evaluator,Universitas Indonesia,lisa.pierce@example.com
375,Shawn Edwards,Student Selection Officer,University of Delhi,shawn.edwards@example.com
376,Marcus Cordova,Interview Panel Member,University of Malaya,marcus.cordova@example.com
377,Richard Robertson,Program Evaluator,Peking University,richard.robertson@example.com
378,Vanessa Sandoval,Evaluator for Scholarship Applications,University of Melbourne,vanessa.sandoval@example.com
379,Amy Gutierrez,Interview Panel Member,Cairo University,amy.gutierrez@example.com
380,Jacob Cox,Admissions Interviewer,Stanford University,jacob.cox@example.com
381,Katherine Garrett,Program Evaluator,Harvard University,katherine.garrett@example.com
382,Kathleen Harris,Interview Panel Member,Karolinska Institutet,kathleen.harris@example.com
383,Andrea Pennington,Evaluator for Scholarship Applications,United Arab Emirates University,andrea.pennington@example.com
384,Samuel Wolfe,Program Evaluator,Karolinska Institutet,samuel.wolfe@example.com
385,David Dudley,Program Evaluator,University of Sydney,david.dudley@example.com
386,Chelsea Allen,Interview Panel Member,University of Toronto,chelsea.allen@example.com
387,Eric Pierce,Evaluator for Scholarship Applications,Peking University,eric.pierce@example.com
388,Andrea Davis,Interview Panel Member,University of Johannesburg,andrea.davis@example.com
389,Victoria Durham,Interview Panel Member,United Arab Emirates University,victoria.durham@example.com
390,Steven Wilson,Student Selection Officer,Cairo University,steven.wilson@example.com
391,Marilyn Jimenez,Student Selection Officer,University of Oslo,marilyn.jimenez@example.com
392,Jennifer Hicks,Program Evaluator,Utrecht University,jennifer.hicks@example.com
393,Joshua Davenport,Interview Panel Member,MIT,joshua.davenport@example.com
394,Tina Sanchez,Student Selection Officer,University of Lagos,tina.sanchez@example.com
395,Andrea Reyes,Admissions Interviewer,University of Edinburgh,andrea.reyes@example.com
396,Sandra Romero,Scholarship Interviewer,IE University,sandra.romero@example.com
397,Natasha Shields,Scholarship Interviewer,Humboldt University Berlin,natasha.shields@example.com
398,Joshua Tyler,Evaluator for Scholarship Applications,University of Lagos,joshua.tyler@example.com
399,Robert Villa,Student Selection Officer,Stanford University,robert.villa@example.com
400,William Hoover,Interview Panel Member,McGill University,william.hoover@example.com
401,Justin Evans,Program Evaluator,King Saud University,justin.evans@example.com
402,Brenda Duarte,Interview Panel Member,University of Buenos Aires,brenda.duarte@example.com
403,Tracy Hernandez,Interview Panel Member,China Scholarship Council,tracy.hernandez@example.com
404,Amanda Reed,Admissions Interviewer,University of Johannesburg,amanda.reed@example.com
405,Andrea Daniels,Student Selection Officer,University of Oslo,andrea.daniels@example.com
406,Stanley Morris,Student Selection Officer,University of Melbourne,stanley.morris@example.com
407,Jacob Terry,Evaluator for Scholarship Applications,Universitas Indonesia,jacob.terry@example.com
408,Ashley Hall,Program Evaluator,King Abdulaziz University,ashley.hall@example.com
409,Kimberly Williams,Interview Panel Member,University of Tokyo,kimberly.williams@example.com
410,Julie Thornton,Program Evaluator,TU Munich,julie.thornton@example.com
411,Lisa Hughes,Scholarship Interviewer,Universitas Indonesia,lisa.hughes@example.com
412,Elizabeth Hoover,Evaluator for Scholarship Applications,American University in Cairo,elizabeth.hoover@example.com
413,Tina Simpson,Scholarship Interviewer,Cairo University,tina.simpson@example.com
414,Benjamin Shaw,Evaluator for Scholarship Applications,Fulbright Program,benjamin.shaw@example.com
415,Brittany Kane,Scholarship Interviewer,Moscow State University,brittany.kane@example.com
416,Morgan Alexander,Scholarship Interviewer,IE University,morgan.alexander@example.com
417,Alicia Bryant,Scholarship Interviewer,Sorbonne University,alicia.bryant@example.com
418,Jennifer Ortiz,Scholarship Interviewer,Indian Council for Cultural Relations (ICCR),jennifer.ortiz@example.com
419,Diana Moore,Interview Panel Member,University of Toronto,diana.moore@example.com
420,Terrance Costa,Interview Panel Member,University of Malaya,terrance.costa@example.com
421,Matthew Schwartz,Interview Panel Member,DAAD,matthew.schwartz@example.com
422,Debra Christian,Evaluator for Scholarship Applications,Peking University,debra.christian@example.com
423,Melissa Villarreal,Evaluator for Scholarship Applications,Stanford University,melissa.villarreal@example.com
424,Norman Stewart,Student Selection Officer,Harvard University,norman.stewart@example.com
425,Jennifer Malone,Student Selection Officer,Moscow State University,jennifer.malone@example.com
426,Monique Johnson,Admissions Interviewer,Harvard University,monique.johnson@example.com
427,Casey Welch,Student Selection Officer,University of Tokyo,casey.welch@example.com
428,Samantha Bright,Program Evaluator,Ain Shams University,samantha.bright@example.com
429,Julie Hamilton,Program Evaluator,University of Oslo,julie.hamilton@example.com
430,Corey Schultz,Interview Panel Member,University of Toronto,corey.schultz@example.com
431,Monique Wallace,Program Evaluator,Fudan University,monique.wallace@example.com
432,Heather Berger,Admissions Interviewer,IE University,heather.berger@example.com
433,Brandon Flynn,Program Evaluator,Alexandria University,brandon.flynn@example.com
434,Kelly Brooks,Evaluator for Scholarship Applications,University of Cambridge,kelly.brooks@example.com
435,Dustin Schmidt,Scholarship Interviewer,National Autonomous University of Mexico,dustin.schmidt@example.com
436,Ashlee Sparks,Interview Panel Member,DAAD,ashlee.sparks@example.com
437,George Miller,Admissions Interviewer,University of Oxford,george.miller@example.com
438,Monica Harvey,Evaluator for Scholarship Applications,Indian Council for Cultural Relations (ICCR),monica.harvey@example.com
439,John Durham,Evaluator for Scholarship Applications,Stanford University,john.durham@example.com
440,Douglas Murray,Program Evaluator,Sorbonne University,douglas.murray@example.com
441,Jonathan Scott,Student Selection Officer,King Saud University,jonathan.scott@example.com
442,Albert Ballard,Interview Panel Member,University of Sydney,albert.ballard@example.com
443,Rachel Byrd,Program Evaluator,University of Melbourne,rachel.byrd@example.com
444,Eric Alexander,Student Selection Officer,Universitas Indonesia,eric.alexander@example.com
445,Michael Matthews,Scholarship Interviewer,American University of Sharjah,michael.matthews@example.com
446,Danielle Coleman,Evaluator for Scholarship Applications,University of Delhi,danielle.coleman@example.com
447,John Bruce,Student Selection Officer,IIT Bombay,john.bruce@example.com
448,James Cruz,Student Selection Officer,Peking University,james.cruz@example.com
449,Timothy Young,Evaluator for Scholarship Applications,American University of Sharjah,timothy.young@example.com
450,Ashley Andrews,Admissions Interviewer,Erasmus+ / European Commission,ashley.andrews@example.com
451,Victoria Phillips,Scholarship Interviewer,Chevening Scholarships / British Council,victoria.phillips@example.com
452,Tiffany Barrett,Evaluator for Scholarship Applications,Indian Council for Cultural Relations (ICCR),tiffany.barrett@example.com
453,Joshua Knight,Admissions Interviewer,Harvard University,joshua.knight@example.com
454,Gina Garner,Evaluator for Scholarship Applications,Fulbright Program,gina.garner@example.com
455,Brandon Obrien,Evaluator for Scholarship Applications,IIT Delhi,brandon.obrien@example.com
456,Tyler Strong,Scholarship Interviewer,King Saud University,tyler.strong@example.com
457,Justin Lindsey,Program Evaluator,IE University,justin.lindsey@example.com
458,Catherine Gomez,Evaluator for Scholarship Applications,DAAD,catherine.gomez@example.com
459,Dana Oliver,Scholarship Interviewer,National Autonomous University of Mexico,dana.oliver@example.com
460,Erica Le,Program Evaluator,Heidelberg University,erica.le@example.com
461,Donna Massey,Admissions Interviewer,University of Nairobi,donna.massey@example.com
462,Courtney Berger,Program Evaluator,University of Toronto,courtney.berger@example.com
463,Debbie Parker,Scholarship Interviewer,Peking University,debbie.parker@example.com
464,Scott Riley,Student Selection Officer,University of Oslo,scott.riley@example.com
465,Jessica Davis,Student Selection Officer,Peking University,jessica.davis@example.com
466,Kenneth Burgess,Program Evaluator,University of Nairobi,kenneth.burgess@example.com
467,Gregory Anderson,Program Evaluator,Sorbonne University,gregory.anderson@example.com
468,Amber Mata,Student Selection Officer,University of Edinburgh,amber.mata@example.com
469,Alyssa Mcintyre,Admissions Interviewer,University of Lagos,alyssa.mcintyre@example.com
470,Maria Scott,Evaluator for Scholarship Applications,Tsinghua University,maria.scott@example.com
471,Makayla Olson,Admissions Interviewer,IIT Delhi,makayla.olson@example.com
472,Lindsay Francis,Scholarship Interviewer,Heidelberg University,lindsay.francis@example.com
473,Matthew Wilson,Scholarship Interviewer,University of Lagos,matthew.wilson@example.com
474,Sydney Taylor,Evaluator for Scholarship Applications,Universitas Indonesia,sydney.taylor@example.com
475,Tammy Dalton,Interview Panel Member,Bosphorus University,tammy.dalton@example.com
476,Jennifer Whitney,Program Evaluator,Stanford University,jennifer.whitney@example.com
477,Tammy Ballard,Admissions Interviewer,University of Sydney,tammy.ballard@example.com
478,Michael Gibbs,Evaluator for Scholarship Applications,Moscow State University,michael.gibbs@example.com
479,Alexander Herrera,Student Selection Officer,University of Toronto,alexander.herrera@example.com
480,Shawn Chambers,Admissions Interviewer,Tsinghua University,shawn.chambers@example.com
481,Emily Richards,Admissions Interviewer,MIT,emily.richards@example.com
482,Lynn Bentley,Scholarship Interviewer,Universitas Indonesia,lynn.bentley@example.com
483,Daniel Hall,Program Evaluator,King Saud University,daniel.hall@example.com
484,Angel Henson,Admissions Interviewer,China Scholarship Council,angel.henson@example.com
485,Anna Herman,Interview Panel Member,Tsinghua University,anna.herman@example.com
486,Jeffrey Brown,Scholarship Interviewer,University of Delhi,jeffrey.brown@example.com
487,Madison Blankenship,Interview Panel Member,Harvard University,madison.blankenship@example.com
488,Kevin Ortiz,Scholarship Interviewer,Sorbonne University,kevin.ortiz@example.com
489,Donald Shah,Interview Panel Member,Peking University,donald.shah@example.com
490,Kevin Vasquez,Student Selection Officer,IIT Bombay,kevin.vasquez@example.com
491,Colton Clay,Interview Panel Member,University of SÃ£o Paulo,colton.clay@example.com
492,Derek Chavez,Admissions Interviewer,University of Delhi,derek.chavez@example.com
493,Ellen Paul,Scholarship Interviewer,University of Melbourne,ellen.paul@example.com
494,Sonya Barnes,Student Selection Officer,University of Cambridge,sonya.barnes@example.com
495,Julia Moore,Program Evaluator,DAAD,julia.moore@example.com
496,Robert Garcia,Student Selection Officer,Cairo University,robert.garcia@example.com
497,Tracy Russell,Interview Panel Member,University of Cape Town,tracy.russell@example.com
498,Stephanie Johnson,Scholarship Interviewer,Tsinghua University,stephanie.johnson@example.com
499,Mitchell Ramos,Student Selection Officer,King Saud University,mitchell.ramos@example.com
500,Stephanie Foley,Scholarship Interviewer,University of Delhi,stephanie.foley@example.com
501,Cory Jennings,Scholarship Interviewer,King Saud University,cory.jennings@example.com
502,Amy Levine,Student Selection Officer,DAAD,amy.levine@example.com
503,Michael Sanders,Student Selection Officer,Universitas Indonesia,michael.sanders@example.com
504,James Martinez,Program Evaluator,Fulbright Program,james.martinez@example.com
505,Melanie Gibson,Admissions Interviewer,University of Cape Town,melanie.gibson@example.com
506,Elizabeth May,Evaluator for Scholarship Applications,University of Malaya,elizabeth.may@example.com
507,Carla Smith,Scholarship Interviewer,China Scholarship Council,carla.smith@example.com
508,Kristin Sanchez,Student Selection Officer,Peking University,kristin.sanchez@example.com
509,David Cunningham,Program Evaluator,American University of Sharjah,david.cunningham@example.com
510,Casey Hubbard,Program Evaluator,University of Cambridge,casey.hubbard@example.com
511,Jamie Robinson,Program Evaluator,National Autonomous University of Mexico,jamie.robinson@example.com
512,Molly Murphy,Scholarship Interviewer,IIT Bombay,molly.murphy@example.com
513,Dylan Lester,Student Selection Officer,King Abdulaziz University,dylan.lester@example.com
514,Aaron Garrison,Program Evaluator,University of SÃ£o Paulo,aaron.garrison@example.com
515,Duane Anderson,Admissions Interviewer,IIT Bombay,duane.anderson@example.com
516,John Thompson,Student Selection Officer,Fulbright Program,john.thompson@example.com
517,Donna Johnson,Admissions Interviewer,Bosphorus University,donna.johnson@example.com
518,Alexis Tyler,Interview Panel Member,University of Delhi,alexis.tyler@example.com
519,John Morris,Program Evaluator,Middle East Technical University,john.morris@example.com
520,Grant Williams,Program Evaluator,Fulbright Program,grant.williams@example.com
521,Judy Fox,Scholarship Interviewer,American University in Cairo,judy.fox@example.com
522,Julie Alvarez,Student Selection Officer,DAAD,julie.alvarez@example.com
523,Kimberly Palmer,Scholarship Interviewer,Heidelberg University,kimberly.palmer@example.com
524,Daniel Gordon,Scholarship Interviewer,Bosphorus University,daniel.gordon@example.com
525,Sonia Williams,Student Selection Officer,American University in Cairo,sonia.williams@example.com
526,Krista Camacho,Scholarship Interviewer,University of Nairobi,krista.camacho@example.com
527,Adrienne Ellis,Interview Panel Member,Ain Shams University,adrienne.ellis@example.com
528,Tamara Brown,Admissions Interviewer,Ain Shams University,tamara.brown@example.com
529,Timothy Morales,Admissions Interviewer,University of Melbourne,timothy.morales@example.com
530,Gina Henry,Student Selection Officer,Middle East Technical University,gina.henry@example.com
531,Renee Jones,Scholarship Interviewer,IE University,renee.jones@example.com
532,Christopher Franklin,Admissions Interviewer,Erasmus+ / European Commission,christopher.franklin@example.com
533,Cameron Hill,Admissions Interviewer,Heidelberg University,cameron.hill@example.com
534,Cynthia Kelley,Program Evaluator,Moscow State University,cynthia.kelley@example.com
535,Mark Vang,Interview Panel Member,University of Melbourne,mark.vang@example.com
536,Alyssa Chavez,Program Evaluator,University of Johannesburg,alyssa.chavez@example.com
537,Catherine Garcia,Scholarship Interviewer,University of Nairobi,catherine.garcia@example.com
538,Jacqueline Farrell,Program Evaluator,Sorbonne University,jacqueline.farrell@example.com
539,Debra Mack,Program Evaluator,University of Toronto,debra.mack@example.com
540,Jennifer Lewis,Program Evaluator,American University in Cairo,jennifer.lewis@example.com
541,Shannon Perez,Student Selection Officer,Harvard University,shannon.perez@example.com
542,Matthew Chavez,Admissions Interviewer,Fudan University,matthew.chavez@example.com
543,Robert Davis,Admissions Interviewer,Indian Council for Cultural Relations (ICCR),robert.davis@example.com
544,Ronald Ortega,Admissions Interviewer,Tsinghua University,ronald.ortega@example.com
545,Nicholas Hernandez,Interview Panel Member,Alexandria University,nicholas.hernandez@example.com
546,Sandra Jones,Evaluator for Scholarship Applications,American University in Cairo,sandra.jones@example.com
547,Marie Davis,Program Evaluator,Fudan University,marie.davis@example.com
548,Colin Rodgers,Interview Panel Member,University of Oslo,colin.rodgers@example.com
549,Lisa Hawkins,Student Selection Officer,Sorbonne University,lisa.hawkins@example.com
550,Brenda Hoffman,Evaluator for Scholarship Applications,Humboldt University Berlin,brenda.hoffman@example.com
551,Mark Martinez,Interview Panel Member,University of Buenos Aires,mark.martinez@example.com
552,Michael Ortega,Student Selection Officer,University of Delhi,michael.ortega@example.com
553,Karen Parrish,Interview Panel Member,University of SÃ£o Paulo,karen.parrish@example.com
554,Jennifer Schmitt,Program Evaluator,Karolinska Institutet,jennifer.schmitt@example.com
555,Caroline Bell,Admissions Interviewer,Sorbonne University,caroline.bell@example.com
556,Becky Lewis,Student Selection Officer,Bosphorus University,becky.lewis@example.com
557,Diane Walker,Admissions Interviewer,University of Nairobi,diane.walker@example.com
558,Daniel Bruce,Student Selection Officer,University of Sydney,daniel.bruce@example.com
559,Michael Farmer,Scholarship Interviewer,TU Munich,michael.farmer@example.com
560,Audrey Aguirre,Student Selection Officer,Indian Council for Cultural Relations (ICCR),audrey.aguirre@example.com
561,Megan Villegas,Interview Panel Member,University of Sydney,megan.villegas@example.com
562,Loretta Austin,Admissions Interviewer,University of Toronto,loretta.austin@example.com
563,Dawn Johnson,Interview Panel Member,Fudan University,dawn.johnson@example.com
564,Sarah Gallegos,Evaluator for Scholarship Applications,Karolinska Institutet,sarah.gallegos@example.com
565,Joseph White,Student Selection Officer,Fulbright Program,joseph.white@example.com
566,Jacqueline Parker,Evaluator for Scholarship Applications,University of Tokyo,jacqueline.parker@example.com
567,Matthew Smith,Evaluator for Scholarship Applications,IE University,matthew.smith@example.com
568,Molly Knight,Evaluator for Scholarship Applications,Utrecht University,molly.knight@example.com
569,Richard Thomas,Student Selection Officer,Indian Council for Cultural Relations (ICCR),richard.thomas@example.com
570,Cynthia Johnson,Scholarship Interviewer,Tsinghua University,cynthia.johnson@example.com
571,Julie Lewis,Admissions Interviewer,University of Cambridge,julie.lewis@example.com
572,Robert Peterson,Scholarship Interviewer,Utrecht University,robert.peterson@example.com
573,Mitchell Griffith,Scholarship Interviewer,National Autonomous University of Mexico,mitchell.griffith@example.com
574,Kimberly Bradley,Student Selection Officer,Humboldt University Berlin,kimberly.bradley@example.com
575,Eric Williamson,Interview Panel Member,Sorbonne University,eric.williamson@example.com
576,Emily Nelson,Scholarship Interviewer,University of Edinburgh,emily.nelson@example.com
577,Ebony Tucker,Scholarship Interviewer,China Scholarship Council,ebony.tucker@example.com
578,Scott Nelson,Evaluator for Scholarship Applications,Indian Council for Cultural Relations (ICCR),scott.nelson@example.com
579,Kari Wilson,Interview Panel Member,United Arab Emirates University,kari.wilson@example.com
580,Russell Campbell,Admissions Interviewer,Sorbonne University,russell.campbell@example.com
581,Erika Tucker,Scholarship Interviewer,IIT Bombay,erika.tucker@example.com
582,Elizabeth Williams,Scholarship Interviewer,Humboldt University Berlin,elizabeth.williams@example.com
583,Randall Greene,Student Selection Officer,University of Tokyo,randall.greene@example.com
584,Adrian Turner,Program Evaluator,University of Tokyo,adrian.turner@example.com
585,Jason Taylor,Interview Panel Member,Utrecht University,jason.taylor@example.com
586,Jonathan Murphy,Student Selection Officer,Bosphorus University,jonathan.murphy@example.com
587,Adrian Burgess,Interview Panel Member,University of Malaya,adrian.burgess@example.com
588,Gregory James,Interview Panel Member,Fulbright Program,gregory.james@example.com
589,Jane Mason,Scholarship Interviewer,University of Delhi,jane.mason@example.com
590,Martha Drake,Admissions Interviewer,University of Malaya,martha.drake@example.com
591,Charles Hensley,Admissions Interviewer,Heidelberg University,charles.hensley@example.com
592,Bobby Smith,Student Selection Officer,King Abdulaziz University,bobby.smith@example.com
593,Samantha Atkins,Program Evaluator,University of Lagos,samantha.atkins@example.com
594,Barbara Berry,Student Selection Officer,Tsinghua University,barbara.berry@example.com
595,Jenna Butler,Admissions Interviewer,Fudan University,jenna.butler@example.com
596,Darius Smith,Scholarship Interviewer,Sorbonne University,darius.smith@example.com
597,Mark Solis,Admissions Interviewer,University of Sydney,mark.solis@example.com
598,Christine Collier,Scholarship Interviewer,Middle East Technical University,christine.collier@example.com
599,Samantha Davis,Interview Panel Member,Chevening Scholarships / British Council,samantha.davis@example.com
600,Megan Sanchez,Admissions Interviewer,University of Tokyo,megan.sanchez@example.com
601,Brianna Warren,Scholarship Interviewer,Stanford University,brianna.warren@example.com
602,Randy Collins,Student Selection Officer,DAAD,randy.collins@example.com
603,Matthew Cook,Student Selection Officer,Peking University,matthew.cook@example.com
604,Gary Dixon,Student Selection Officer,Cairo University,gary.dixon@example.com
605,Daniel Hicks,Admissions Interviewer,MIT,daniel.hicks@example.com
606,Rebecca Bailey,Student Selection Officer,Erasmus+ / European Commission,rebecca.bailey@example.com
607,Jessica Fuentes,Student Selection Officer,Harvard University,jessica.fuentes@example.com
608,Lisa Young,Student Selection Officer,DAAD,lisa.young@example.com
609,Dwayne Gonzalez,Scholarship Interviewer,University of Tokyo,dwayne.gonzalez@example.com
610,Carrie Wolf,Program Evaluator,Bosphorus University,carrie.wolf@example.com
611,Diana Thompson,Program Evaluator,University of Buenos Aires,diana.thompson@example.com
612,Kendra Snyder,Student Selection Officer,Utrecht University,kendra.snyder@example.com
613,Karen Wolf,Admissions Interviewer,University of Sydney,karen.wolf@example.com
614,Shane Glass,Evaluator for Scholarship Applications,Peking University,shane.glass@example.com
615,Anne Reid,Scholarship Interviewer,National Autonomous University of Mexico,anne.reid@example.com
616,Claudia Lin,Scholarship Interviewer,MIT,claudia.lin@example.com
617,Courtney Hernandez,Student Selection Officer,MIT,courtney.hernandez@example.com
618,Carlos Ramos,Scholarship Interviewer,Harvard University,carlos.ramos@example.com
619,Kevin Hill,Evaluator for Scholarship Applications,Humboldt University Berlin,kevin.hill@example.com
620,Brian Romero,Admissions Interviewer,IIT Delhi,brian.romero@example.com
621,Lance Hayes,Evaluator for Scholarship Applications,IIT Delhi,lance.hayes@example.com
622,Brian Decker,Evaluator for Scholarship Applications,Chevening Scholarships / British Council,brian.decker@example.com
623,Chase Lin,Student Selection Officer,McGill University,chase.lin@example.com
624,Melissa Gilbert,Admissions Interviewer,University of Tokyo,melissa.gilbert@example.com
625,William Ford,Admissions Interviewer,King Saud University,william.ford@example.com
626,Angela Conner,Interview Panel Member,University of Melbourne,angela.conner@example.com
627,Paula Cole,Admissions Interviewer,University of Nairobi,paula.cole@example.com
628,Lisa Pearson,Program Evaluator,Fudan University,lisa.pearson@example.com
629,Marc Alvarez,Scholarship Interviewer,IE University,marc.alvarez@example.com
630,Edward Brown,Interview Panel Member,Peking University,edward.brown@example.com
631,Dale Nolan,Program Evaluator,University of Melbourne,dale.nolan@example.com
632,Matthew Klein,Admissions Interviewer,McGill University,matthew.klein@example.com
633,William Thompson,Scholarship Interviewer,University of Nairobi,william.thompson@example.com
634,John Kim,Program Evaluator,University of Cape Town,john.kim@example.com
635,Scott Mills,Interview Panel Member,National Autonomous University of Mexico,scott.mills@example.com
636,Erik Watson,Admissions Interviewer,American University of Sharjah,erik.watson@example.com
637,Justin Ortiz,Admissions Interviewer,University of Delhi,justin.ortiz@example.com
638,Matthew Harper,Evaluator for Scholarship Applications,Ain Shams University,matthew.harper@example.com
639,Kristina Holland,Scholarship Interviewer,University of Nairobi,kristina.holland@example.com
640,Cameron Davis,Scholarship Interviewer,University of Lagos,cameron.davis@example.com
641,Erika Mitchell,Program Evaluator,American University of Sharjah,erika.mitchell@example.com
642,Jennifer Douglas,Student Selection Officer,Heidelberg University,jennifer.douglas@example.com
643,Rebecca Marks,Interview Panel Member,University of SÃ£o Paulo,rebecca.marks@example.com
644,Mathew Aguilar,Student Selection Officer,University of Toronto,mathew.aguilar@example.com
645,Donald Bailey,Interview Panel Member,Erasmus+ / European Commission,donald.bailey@example.com
646,Tammy Hale,Admissions Interviewer,University of Sydney,tammy.hale@example.com
647,Philip Larson,Program Evaluator,University of Edinburgh,philip.larson@example.com
648,Sharon Collins,Program Evaluator,Bosphorus University,sharon.collins@example.com
649,Nicholas Conner,Evaluator for Scholarship Applications,Karolinska Institutet,nicholas.conner@example.com
650,Lisa Santiago,Program Evaluator,Tsinghua University,lisa.santiago@example.com
651,Maria Rodgers,Program Evaluator,Utrecht University,maria.rodgers@example.com
652,Gina Fox,Program Evaluator,King Abdulaziz University,gina.fox@example.com
653,Debbie Henderson,Interview Panel Member,University of Buenos Aires,debbie.henderson@example.com
654,Michael Cox,Student Selection Officer,American University of Sharjah,michael.cox@example.com
655,Henry Lewis,Evaluator for Scholarship Applications,University of Cape Town,henry.lewis@example.com
656,Stacey Tucker,Student Selection Officer,King Abdulaziz University,stacey.tucker@example.com
657,Jeremy Taylor,Evaluator for Scholarship Applications,University of SÃ£o Paulo,jeremy.taylor@example.com
658,Chris Richard,Program Evaluator,University of Sydney,chris.richard@example.com
659,Craig Wise,Scholarship Interviewer,McGill University,craig.wise@example.com
660,Mary Stephenson,Admissions Interviewer,Stanford University,mary.stephenson@example.com
661,Benjamin Rogers,Student Selection Officer,Ain Shams University,benjamin.rogers@example.com
662,Nicholas Martin,Program Evaluator,McGill University,nicholas.martin@example.com
663,Marie Wise,Admissions Interviewer,King Saud University,marie.wise@example.com
664,Lisa Martin,Program Evaluator,University of Nairobi,lisa.martin@example.com
665,Samuel Jenkins,Interview Panel Member,China Scholarship Council,samuel.jenkins@example.com
666,Erica Young,Evaluator for Scholarship Applications,Indian Council for Cultural Relations (ICCR),erica.young@example.com
667,Sean Mitchell,Evaluator for Scholarship Applications,University of Sydney,sean.mitchell@example.com
668,Kaitlyn Cole,Interview Panel Member,DAAD,kaitlyn.cole@example.com
669,Amanda Collins,Interview Panel Member,University of Cambridge,amanda.collins@example.com
670,Lindsey Harrison,Scholarship Interviewer,University of SÃ£o Paulo,lindsey.harrison@example.com
671,Mary Richardson,Interview Panel Member,University of Oslo,mary.richardson@example.com
672,Stacey Joyce,Student Selection Officer,Tsinghua University,stacey.joyce@example.com
673,Steven Campbell,Evaluator for Scholarship Applications,IE University,steven.campbell@example.com
674,Patrick Rose,Admissions Interviewer,Erasmus+ / European Commission,patrick.rose@example.com
675,Tammy Montoya,Student Selection Officer,Alexandria University,tammy.montoya@example.com
676,Laurie Taylor,Student Selection Officer,American University in Cairo,laurie.taylor@example.com
677,John Davidson,Evaluator for Scholarship Applications,United Arab Emirates University,john.davidson@example.com
678,Morgan Spencer,Student Selection Officer,Karolinska Institutet,morgan.spencer@example.com
679,Curtis Singleton,Interview Panel Member,DAAD,curtis.singleton@example.com
680,Melissa Mitchell,Student Selection Officer,Peking University,melissa.mitchell@example.com
681,Kathryn Nelson,Admissions Interviewer,Sorbonne University,kathryn.nelson@example.com
682,Rebecca Hernandez,Admissions Interviewer,University of Delhi,rebecca.hernandez@example.com
683,Samuel Potts,Admissions Interviewer,University of Toronto,samuel.potts@example.com
684,Jeffrey Hayes,Program Evaluator,Middle East Technical University,jeffrey.hayes@example.com
685,Michael Johnson,Interview Panel Member,Alexandria University,michael.johnson@example.com
686,Brian Shaw,Admissions Interviewer,University of Delhi,brian.shaw@example.com
687,Joe Vang,Program Evaluator,King Abdulaziz University,joe.vang@example.com
688,Sarah Combs,Interview Panel Member,American University of Sharjah,sarah.combs@example.com
689,Debra Moody,Evaluator for Scholarship Applications,IIT Delhi,debra.moody@example.com
690,Devin Mitchell,Interview Panel Member,Sorbonne University,devin.mitchell@example.com
691,Maria Horton,Evaluator for Scholarship Applications,Harvard University,maria.horton@example.com
692,Dominic Thornton,Evaluator for Scholarship Applications,National Autonomous University of Mexico,dominic.thornton@example.com
693,Shane Smith,Student Selection Officer,DAAD,shane.smith@example.com
694,Christian Scott,Admissions Interviewer,Fudan University,christian.scott@example.com
695,Mary Dunn,Scholarship Interviewer,American University of Sharjah,mary.dunn@example.com
696,Jessica Rose,Evaluator for Scholarship Applications,University of Cape Town,jessica.rose@example.com
697,Daniel Roberts,Program Evaluator,United Arab Emirates University,daniel.roberts@example.com
698,Kevin Williams,Evaluator for Scholarship Applications,King Saud University,kevin.williams@example.com
699,Robert Bauer,Admissions Interviewer,McGill University,robert.bauer@example.com
700,Stephen Rodriguez,Program Evaluator,King Saud University,stephen.rodriguez@example.com
701,Rebecca Carlson,Student Selection Officer,Ain Shams University,rebecca.carlson@example.com
702,Allen Robertson,Interview Panel Member,University of Seoul,allen.robertson@example.com
703,John Thomas,Interview Panel Member,University of Edinburgh,john.thomas@example.com
704,Ruben Mendez,Evaluator for Scholarship Applications,Tsinghua University,ruben.mendez@example.com
705,John Butler,Interview Panel Member,Karolinska Institutet,john.butler@example.com
706,Elizabeth Miller,Evaluator for Scholarship Applications,Harvard University,elizabeth.miller@example.com
707,Theresa Jones,Admissions Interviewer,University of Lagos,theresa.jones@example.com
708,Alicia Romero,Interview Panel Member,University of Oslo,alicia.romero@example.com
709,Vanessa Spencer,Student Selection Officer,American University of Sharjah,vanessa.spencer@example.com
710,Peter Harrison,Admissions Interviewer,University of Johannesburg,peter.harrison@example.com
711,Cynthia Zavala,Student Selection Officer,Bosphorus University,cynthia.zavala@example.com
712,Jon Smith,Student Selection Officer,Stanford University,jon.smith@example.com
713,Kristina Cooper,Interview Panel Member,United Arab Emirates University,kristina.cooper@example.com
714,Jessica Fuller,Scholarship Interviewer,Universitas Indonesia,jessica.fuller@example.com
715,Kelsey Moss,Interview Panel Member,University of Oxford,kelsey.moss@example.com
716,Marvin Williams,Program Evaluator,Utrecht University,marvin.williams@example.com
717,Amy Li,Student Selection Officer,University of Nairobi,amy.li@example.com
718,Gregory Maxwell,Student Selection Officer,University of Toronto,gregory.maxwell@example.com
719,Steven Dominguez,Scholarship Interviewer,Fudan University,steven.dominguez@example.com
720,Crystal Cain,Scholarship Interviewer,University of Buenos Aires,crystal.cain@example.com
721,Bryan Parsons,Student Selection Officer,Bosphorus University,bryan.parsons@example.com
722,Stephen Carter,Admissions Interviewer,University of Oslo,stephen.carter@example.com
723,Bradley Gonzalez,Scholarship Interviewer,American University of Sharjah,bradley.gonzalez@example.com
724,Bobby Mahoney,Admissions Interviewer,University of Seoul,bobby.mahoney@example.com
725,Zachary Hays,Scholarship Interviewer,MIT,zachary.hays@example.com
726,Amy King,Admissions Interviewer,University of Buenos Aires,amy.king@example.com
727,Karen Lee,Scholarship Interviewer,King Saud University,karen.lee@example.com
728,Michael Norman,Admissions Interviewer,University of Melbourne,michael.norman@example.com
729,Michelle Rivera,Interview Panel Member,DAAD,michelle.rivera@example.com
730,David Richardson,Scholarship Interviewer,Middle East Technical University,david.richardson@example.com
731,Pamela Paul,Evaluator for Scholarship Applications,Peking University,pamela.paul@example.com
732,Patricia Hughes,Evaluator for Scholarship Applications,University of Lagos,patricia.hughes@example.com
733,Terri Crawford,Program Evaluator,Moscow State University,terri.crawford@example.com
734,Tyler Glass,Evaluator for Scholarship Applications,Cairo University,tyler.glass@example.com
735,April Owen,Interview Panel Member,University of Cape Town,april.owen@example.com
736,Jessica Miller,Student Selection Officer,Fulbright Program,jessica.miller@example.com
737,Carrie Short,Student Selection Officer,United Arab Emirates University,carrie.short@example.com
738,Amy Morris,Student Selection Officer,University of Toronto,amy.morris@example.com
739,Christopher Guerrero,Scholarship Interviewer,Utrecht University,christopher.guerrero@example.com
740,Kirk Morrison,Admissions Interviewer,Universitas Indonesia,kirk.morrison@example.com
741,Ronald Norris,Interview Panel Member,University of SÃ£o Paulo,ronald.norris@example.com
742,Michael Williams,Program Evaluator,Heidelberg University,michael.williams@example.com
743,Molly Gomez,Interview Panel Member,Ain Shams University,molly.gomez@example.com
744,Whitney Hill,Admissions Interviewer,Universitas Indonesia,whitney.hill@example.com
745,Tina Gould,Interview Panel Member,IIT Bombay,tina.gould@example.com
746,Charles Walsh,Admissions Interviewer,Moscow State University,charles.walsh@example.com
747,Michael Owen,Evaluator for Scholarship Applications,University of Cambridge,michael.owen@example.com
748,Erin Cisneros,Evaluator for Scholarship Applications,Cairo University,erin.cisneros@example.com
749,Douglas Lawson,Program Evaluator,Chevening Scholarships / British Council,douglas.lawson@example.com
750,Kimberly Johnson,Interview Panel Member,University of Johannesburg,kimberly.johnson@example.com
751,Carlos Osborne,Student Selection Officer,Erasmus+ / European Commission,carlos.osborne@example.com
752,Michael Reyes,Admissions Interviewer,MIT,michael.reyes@example.com
753,Ashley Jacobs,Interview Panel Member,University of Buenos Aires,ashley.jacobs@example.com
754,Erika Rush,Program Evaluator,DAAD,erika.rush@example.com
755,Nathan Hines,Interview Panel Member,King Saud University,nathan.hines@example.com
756,Audrey Moreno,Admissions Interviewer,Humboldt University Berlin,audrey.moreno@example.com
757,Raymond Banks,Student Selection Officer,Cairo University,raymond.banks@example.com
758,John Wilson,Evaluator for Scholarship Applications,MIT,john.wilson@example.com
759,Jill Porter,Student Selection Officer,IIT Bombay,jill.porter@example.com
760,Paul Hoffman,Admissions Interviewer,Heidelberg University,paul.hoffman@example.com
761,Jose Green,Admissions Interviewer,Moscow State University,jose.green@example.com
762,Sean Davies,Admissions Interviewer,Fulbright Program,sean.davies@example.com
763,Justin Hendricks,Student Selection Officer,Fudan University,justin.hendricks@example.com
764,Travis Martinez,Interview Panel Member,University of Cambridge,travis.martinez@example.com
765,Melissa Hayes,Scholarship Interviewer,Bosphorus University,melissa.hayes@example.com
766,Rachel Wallace,Student Selection Officer,Tsinghua University,rachel.wallace@example.com
767,Christopher Fleming,Admissions Interviewer,Bosphorus University,christopher.fleming@example.com
768,Megan Flores,Program Evaluator,University of Nairobi,megan.flores@example.com
769,Michael Brown,Interview Panel Member,University of SÃ£o Paulo,michael.brown@example.com
770,Amber Vance,Student Selection Officer,Utrecht University,amber.vance@example.com
771,Melissa Joseph,Program Evaluator,University of Lagos,melissa.joseph@example.com
772,Sara Little,Interview Panel Member,University of Cape Town,sara.little@example.com
773,Laura Hicks,Program Evaluator,University of Oslo,laura.hicks@example.com
774,David Harris,Evaluator for Scholarship Applications,Alexandria University,david.harris@example.com
775,Dominic Tyler,Evaluator for Scholarship Applications,Karolinska Institutet,dominic.tyler@example.com
776,Anthony Spencer,Student Selection Officer,University of Oxford,anthony.spencer@example.com
777,Miguel Lara,Evaluator for Scholarship Applications,University of Buenos Aires,miguel.lara@example.com
778,Andrea Salazar,Program Evaluator,Cairo University,andrea.salazar@example.com
779,Christopher Parker,Evaluator for Scholarship Applications,University of SÃ£o Paulo,christopher.parker@example.com
780,Yvonne Higgins,Program Evaluator,Fudan University,yvonne.higgins@example.com
781,Alicia Hammond,Scholarship Interviewer,Moscow State University,alicia.hammond@example.com
782,Madeline Jones,Scholarship Interviewer,University of Nairobi,madeline.jones@example.com
783,Teresa Day,Program Evaluator,TU Munich,teresa.day@example.com
784,Shannon Frazier,Student Selection Officer,University of Toronto,shannon.frazier@example.com
785,Melvin Humphrey,Admissions Interviewer,Universitas Indonesia,melvin.humphrey@example.com
786,Kimberly Bowman,Evaluator for Scholarship Applications,Fulbright Program,kimberly.bowman@example.com
787,Hunter Burch,Scholarship Interviewer,Fudan University,hunter.burch@example.com
788,Ryan Bartlett,Interview Panel Member,MIT,ryan.bartlett@example.com
789,Brian Martinez,Admissions Interviewer,University of Nairobi,brian.martinez@example.com
790,Eric Martin,Program Evaluator,Middle East Technical University,eric.martin@example.com
791,Marcus Fletcher,Interview Panel Member,Moscow State University,marcus.fletcher@example.com
792,Michael Everett,Admissions Interviewer,China Scholarship Council,michael.everett@example.com
793,Patty Singleton,Admissions Interviewer,University of Seoul,patty.singleton@example.com
794,John Reid,Program Evaluator,Moscow State University,john.reid@example.com
795,Andrea Martinez,Program Evaluator,Middle East Technical University,andrea.martinez@example.com
796,Kevin Ferguson,Student Selection Officer,Humboldt University Berlin,kevin.ferguson@example.com
797,Wayne Jackson,Evaluator for Scholarship Applications,University of Delhi,wayne.jackson@example.com
798,Shelly Moore,Program Evaluator,University of Nairobi,shelly.moore@example.com
799,Donna Le,Scholarship Interviewer,Karolinska Institutet,donna.le@example.com
800,Cassie Kirby,Admissions Interviewer,University of Cambridge,cassie.kirby@example.com
801,Anne Bryan,Student Selection Officer,Sorbonne University,anne.bryan@example.com
802,Anthony Williams,Program Evaluator,Stanford University,anthony.williams@example.com
803,Darlene Ray,Scholarship Interviewer,University of Malaya,darlene.ray@example.com
804,Debra Wang,Scholarship Interviewer,University of Oslo,debra.wang@example.com
805,Robert Fowler,Scholarship Interviewer,National Autonomous University of Mexico,robert.fowler@example.com
806,Tyler Burton,Student Selection Officer,King Abdulaziz University,tyler.burton@example.com
807,Keith Frye,Evaluator for Scholarship Applications,Alexandria University,keith.frye@example.com
808,Timothy Ballard,Scholarship Interviewer,Erasmus+ / European Commission,timothy.ballard@example.com
809,Gail Evans,Admissions Interviewer,University of Tokyo,gail.evans@example.com
810,Charles Brown,Student Selection Officer,Tsinghua University,charles.brown@example.com
811,Scott Washington,Scholarship Interviewer,Tsinghua University,scott.washington@example.com
812,James Lawson,Interview Panel Member,Sorbonne University,james.lawson@example.com
813,Larry Higgins,Interview Panel Member,Moscow State University,larry.higgins@example.com
814,Jessica Valencia,Student Selection Officer,Karolinska Institutet,jessica.valencia@example.com
815,Theresa Anderson,Evaluator for Scholarship Applications,American University of Sharjah,theresa.anderson@example.com
816,Mitchell Hoffman,Evaluator for Scholarship Applications,University of Delhi,mitchell.hoffman@example.com
817,Luis Owens,Program Evaluator,University of Oxford,luis.owens@example.com
818,Colin Roberts,Interview Panel Member,University of SÃ£o Paulo,colin.roberts@example.com
819,Patrick Gilbert,Admissions Interviewer,King Saud University,patrick.gilbert@example.com
820,John Grimes,Evaluator for Scholarship Applications,Karolinska Institutet,john.grimes@example.com
821,Erik Murphy,Program Evaluator,University of Toronto,erik.murphy@example.com
822,Becky Edwards,Program Evaluator,King Saud University,becky.edwards@example.com
823,Kathryn Jimenez,Interview Panel Member,Stanford University,kathryn.jimenez@example.com
824,Xavier Jimenez,Evaluator for Scholarship Applications,Bosphorus University,xavier.jimenez@example.com
825,Kyle Johnson,Evaluator for Scholarship Applications,American University in Cairo,kyle.johnson@example.com
826,Sierra Wagner,Scholarship Interviewer,Harvard University,sierra.wagner@example.com
827,Tammy Lewis,Admissions Interviewer,Alexandria University,tammy.lewis@example.com
828,Troy Khan,Evaluator for Scholarship Applications,University of Cape Town,troy.khan@example.com
829,Destiny Ruiz,Admissions Interviewer,University of Oslo,destiny.ruiz@example.com
830,Amanda Boone,Program Evaluator,Fudan University,amanda.boone@example.com
831,Ryan Khan,Admissions Interviewer,University of Seoul,ryan.khan@example.com
832,Jessica Gallagher,Program Evaluator,University of Melbourne,jessica.gallagher@example.com
833,Michael Morales,Admissions Interviewer,University of Sydney,michael.morales@example.com
834,Ashley Lee,Interview Panel Member,Utrecht University,ashley.lee@example.com
835,Angela Jones,Interview Panel Member,University of Buenos Aires,angela.jones@example.com
836,William Duran,Interview Panel Member,Bosphorus University,william.duran@example.com
837,Joshua Hays,Interview Panel Member,University of Delhi,joshua.hays@example.com
838,Erin Wilson,Student Selection Officer,Erasmus+ / European Commission,erin.wilson@example.com
839,Theresa Long,Evaluator for Scholarship Applications,University of Lagos,theresa.long@example.com
840,Laura Morgan,Student Selection Officer,University of SÃ£o Paulo,laura.morgan@example.com
841,Sheila Fischer,Admissions Interviewer,Harvard University,sheila.fischer@example.com
842,James Hicks,Program Evaluator,University of Nairobi,james.hicks@example.com
843,Vincent Williams,Evaluator for Scholarship Applications,University of Cape Town,vincent.williams@example.com
844,Derrick Cook,Student Selection Officer,Utrecht University,derrick.cook@example.com
845,Thomas Bryant,Interview Panel Member,National Autonomous University of Mexico,thomas.bryant@example.com
846,Catherine Robertson,Admissions Interviewer,Middle East Technical University,catherine.robertson@example.com
847,Mark Austin,Student Selection Officer,University of Oslo,mark.austin@example.com
848,Francisco Ewing,Program Evaluator,University of Buenos Aires,francisco.ewing@example.com
849,Jodi Evans,Evaluator for Scholarship Applications,University of Lagos,jodi.evans@example.com
850,Matthew Clayton,Student Selection Officer,Karolinska Institutet,matthew.clayton@example.com
851,Amanda Erickson,Evaluator for Scholarship Applications,University of Seoul,amanda.erickson@example.com
852,Kevin Cabrera,Interview Panel Member,American University in Cairo,kevin.cabrera@example.com
853,Micheal Nunez,Interview Panel Member,King Abdulaziz University,micheal.nunez@example.com
854,Tina Silva,Scholarship Interviewer,University of Seoul,tina.silva@example.com
855,Laura Swanson,Scholarship Interviewer,University of Toronto,laura.swanson@example.com
856,Hailey Johnson,Evaluator for Scholarship Applications,Bosphorus University,hailey.johnson@example.com
857,Thomas Coffey,Evaluator for Scholarship Applications,Harvard University,thomas.coffey@example.com
858,Krista Parsons,Program Evaluator,Harvard University,krista.parsons@example.com
859,Becky Griffith,Program Evaluator,University of Edinburgh,becky.griffith@example.com
860,Brandy Jackson,Interview Panel Member,King Saud University,brandy.jackson@example.com
861,Cristina Harvey,Evaluator for Scholarship Applications,Universitas Indonesia,cristina.harvey@example.com
862,Maureen Hernandez,Admissions Interviewer,American University in Cairo,maureen.hernandez@example.com
863,Erin Johnson,Interview Panel Member,Erasmus+ / European Commission,erin.johnson@example.com
864,Stacy Rodriguez,Interview Panel Member,University of SÃ£o Paulo,stacy.rodriguez@example.com
865,Andrew Edwards,Evaluator for Scholarship Applications,Cairo University,andrew.edwards@example.com
866,Edward Vaughn,Admissions Interviewer,University of Oxford,edward.vaughn@example.com
867,Robert Hampton,Scholarship Interviewer,University of Cambridge,robert.hampton@example.com
868,Samantha Salas,Interview Panel Member,Karolinska Institutet,samantha.salas@example.com
869,Jill Brown,Scholarship Interviewer,IE University,jill.brown@example.com
870,Devin Clark,Student Selection Officer,University of Toronto,devin.clark@example.com
871,Mark Bates,Evaluator for Scholarship Applications,University of Oxford,mark.bates@example.com
872,Alicia Edwards,Student Selection Officer,Fulbright Program,alicia.edwards@example.com
873,Glen Barr,Interview Panel Member,University of Cambridge,glen.barr@example.com
874,Matthew Gomez,Student Selection Officer,Utrecht University,matthew.gomez@example.com
875,Kelsey Le,Program Evaluator,University of Malaya,kelsey.le@example.com
876,Dawn Steele,Student Selection Officer,Indian Council for Cultural Relations (ICCR),dawn.steele@example.com
877,Chelsea Lee,Evaluator for Scholarship Applications,Universitas Indonesia,chelsea.lee@example.com
878,John Grant,Program Evaluator,Utrecht University,john.grant@example.com
879,Jeffrey Dudley,Evaluator for Scholarship Applications,University of Seoul,jeffrey.dudley@example.com
880,Kenneth Roberts,Scholarship Interviewer,IIT Bombay,kenneth.roberts@example.com
881,Jared Bush,Program Evaluator,King Abdulaziz University,jared.bush@example.com
882,Logan Bailey,Interview Panel Member,Utrecht University,logan.bailey@example.com
883,Sarah Pope,Interview Panel Member,King Saud University,sarah.pope@example.com
884,Joshua Martinez,Program Evaluator,University of Tokyo,joshua.martinez@example.com
885,Erica James,Evaluator for Scholarship Applications,University of Tokyo,erica.james@example.com
886,Tina Cardenas,Evaluator for Scholarship Applications,Fudan University,tina.cardenas@example.com
887,Stephanie Ballard,Evaluator for Scholarship Applications,University of Edinburgh,stephanie.ballard@example.com
888,Kelly Roberts,Admissions Interviewer,IE University,kelly.roberts@example.com
889,Jennifer Reed,Program Evaluator,McGill University,jennifer.reed@example.com
890,Scott Scott,Student Selection Officer,University of SÃ£o Paulo,scott.scott@example.com
891,Timothy Harris,Admissions Interviewer,University of Cambridge,timothy.harris@example.com
892,Amanda Fitzpatrick,Scholarship Interviewer,University of Johannesburg,amanda.fitzpatrick@example.com
893,Heather Taylor,Scholarship Interviewer,Universitas Indonesia,heather.taylor@example.com
894,Christina Matthews,Evaluator for Scholarship Applications,DAAD,christina.matthews@example.com
895,John Santiago,Evaluator for Scholarship Applications,University of Edinburgh,john.santiago@example.com
896,Amanda Little,Evaluator for Scholarship Applications,University of Oxford,amanda.little@example.com
897,Brian Gutierrez,Scholarship Interviewer,University of Melbourne,brian.gutierrez@example.com
898,Jennifer Garcia,Program Evaluator,University of SÃ£o Paulo,jennifer.garcia@example.com
899,Kelli Smith,Evaluator for Scholarship Applications,IIT Delhi,kelli.smith@example.com
900,Andrea Hickman,Student Selection Officer,United Arab Emirates University,andrea.hickman@example.com
901,Richard Donovan,Evaluator for Scholarship Applications,University of Toronto,richard.donovan@example.com
902,Natalie Woods,Program Evaluator,King Saud University,natalie.woods@example.com
903,James Maynard,Admissions Interviewer,University of Johannesburg,james.maynard@example.com
904,Manuel Brewer,Program Evaluator,University of Buenos Aires,manuel.brewer@example.com
905,Rebecca Davis,Evaluator for Scholarship Applications,Universitas Indonesia,rebecca.davis@example.com
906,Audrey Nichols,Admissions Interviewer,Ain Shams University,audrey.nichols@example.com
907,Jennifer Zuniga,Program Evaluator,University of Toronto,jennifer.zuniga@example.com
908,Robin Thompson,Scholarship Interviewer,Humboldt University Berlin,robin.thompson@example.com
909,Nicole Thompson,Admissions Interviewer,King Abdulaziz University,nicole.thompson@example.com
910,Samantha Osborn,Evaluator for Scholarship Applications,King Saud University,samantha.osborn@example.com
911,Randy Simpson,Evaluator for Scholarship Applications,University of Oxford,randy.simpson@example.com
912,Sharon Hayden,Interview Panel Member,Middle East Technical University,sharon.hayden@example.com
913,Sara Mcdowell,Admissions Interviewer,Ain Shams University,sara.mcdowell@example.com
914,Albert Bradley,Student Selection Officer,Moscow State University,albert.bradley@example.com
915,Daniel Bird,Scholarship Interviewer,University of Malaya,daniel.bird@example.com
916,Justin Hays,Scholarship Interviewer,Universitas Indonesia,justin.hays@example.com
917,Amy Snyder,Admissions Interviewer,University of Delhi,amy.snyder@example.com
918,Sheena Rosales,Evaluator for Scholarship Applications,Harvard University,sheena.rosales@example.com
919,Taylor Lee,Program Evaluator,Fudan University,taylor.lee@example.com
920,Daniel Martin,Admissions Interviewer,IIT Delhi,daniel.martin@example.com
921,Stephen Scott,Student Selection Officer,DAAD,stephen.scott@example.com
922,Jacob Doyle,Interview Panel Member,King Saud University,jacob.doyle@example.com
923,Krystal Bradley,Evaluator for Scholarship Applications,United Arab Emirates University,krystal.bradley@example.com
924,Katherine Thompson,Student Selection Officer,IIT Delhi,katherine.thompson@example.com
925,Melissa Prince,Evaluator for Scholarship Applications,University of SÃ£o Paulo,melissa.prince@example.com
926,Margaret Robertson,Admissions Interviewer,Tsinghua University,margaret.robertson@example.com
927,Christopher Caldwell,Program Evaluator,Fulbright Program,christopher.caldwell@example.com
928,Jack Taylor,Interview Panel Member,Cairo University,jack.taylor@example.com
929,Jose Young,Scholarship Interviewer,Bosphorus University,jose.young@example.com
930,Karen Finley,Evaluator for Scholarship Applications,Ain Shams University,karen.finley@example.com
931,Kevin Sharp,Program Evaluator,Middle East Technical University,kevin.sharp@example.com
932,Alexander Valdez,Scholarship Interviewer,University of SÃ£o Paulo,alexander.valdez@example.com
933,Heather Brown,Admissions Interviewer,IE University,heather.brown@example.com
934,David Parker,Program Evaluator,University of Cambridge,david.parker@example.com
935,Richard Shaw,Student Selection Officer,Peking University,richard.shaw@example.com
936,Paula Padilla,Evaluator for Scholarship Applications,University of Cape Town,paula.padilla@example.com
937,Larry Wilson,Student Selection Officer,Alexandria University,larry.wilson@example.com
938,Sabrina Phillips,Student Selection Officer,Peking University,sabrina.phillips@example.com
939,Christina Robinson,Program Evaluator,University of Delhi,christina.robinson@example.com
940,Dennis Hernandez,Scholarship Interviewer,Chevening Scholarships / British Council,dennis.hernandez@example.com
941,Julie Obrien,Evaluator for Scholarship Applications,MIT,julie.obrien@example.com
942,Robert Dunn,Admissions Interviewer,King Abdulaziz University,robert.dunn@example.com
943,Thomas Medina,Scholarship Interviewer,American University of Sharjah,thomas.medina@example.com
944,Elizabeth Robinson,Interview Panel Member,Fudan University,elizabeth.robinson@example.com
945,John Fischer,Evaluator for Scholarship Applications,University of Edinburgh,john.fischer@example.com
946,Morgan Miller,Interview Panel Member,National Autonomous University of Mexico,morgan.miller@example.com
947,Sean Padilla,Scholarship Interviewer,University of Oxford,sean.padilla@example.com
948,Christian Elliott,Interview Panel Member,Fudan University,christian.elliott@example.com
949,Bryan Kelley,Interview Panel Member,MIT,bryan.kelley@example.com
950,William Armstrong,Student Selection Officer,Karolinska Institutet,william.armstrong@example.com
951,Edward Murphy,Interview Panel Member,Ain Shams University,edward.murphy@example.com
952,Abigail Wilson,Evaluator for Scholarship Applications,Sorbonne University,abigail.wilson@example.com
953,Jamie Aguilar,Evaluator for Scholarship Applications,Tsinghua University,jamie.aguilar@example.com
954,Christopher Dixon,Student Selection Officer,Peking University,christopher.dixon@example.com
955,Lindsey Chavez,Admissions Interviewer,American University of Sharjah,lindsey.chavez@example.com
956,William Bryant,Student Selection Officer,Moscow State University,william.bryant@example.com
957,Brian Ford,Student Selection Officer,Humboldt University Berlin,brian.ford@example.com
958,Lindsay Cummings,Scholarship Interviewer,Peking University,lindsay.cummings@example.com
959,Randy Velasquez,Program Evaluator,University of Cape Town,randy.velasquez@example.com
960,Julie Lane,Program Evaluator,University of Cambridge,julie.lane@example.com
961,Brandon Cooper,Student Selection Officer,United Arab Emirates University,brandon.cooper@example.com
962,Bryce Mcknight,Scholarship Interviewer,University of SÃ£o Paulo,bryce.mcknight@example.com
963,Sarah Jones,Student Selection Officer,University of Buenos Aires,sarah.jones@example.com
964,Sarah Johnson,Interview Panel Member,University of Delhi,sarah.johnson@example.com
965,Robert Mack,Student Selection Officer,University of Oslo,robert.mack@example.com
966,Katie Good,Admissions Interviewer,American University in Cairo,katie.good@example.com
967,Debbie Fisher,Admissions Interviewer,Peking University,debbie.fisher@example.com
968,Victoria Reyes,Interview Panel Member,American University in Cairo,victoria.reyes@example.com
969,Molly Knox,Interview Panel Member,Peking University,molly.knox@example.com
970,Nicholas Vega,Admissions Interviewer,National Autonomous University of Mexico,nicholas.vega@example.com
971,Dorothy Ryan,Evaluator for Scholarship Applications,Chevening Scholarships / British Council,dorothy.ryan@example.com
972,Desiree Bailey,Scholarship Interviewer,Utrecht University,desiree.bailey@example.com
973,Gregory Medina,Student Selection Officer,Indian Council for Cultural Relations (ICCR),gregory.medina@example.com
974,Allison Luna,Scholarship Interviewer,IIT Bombay,allison.luna@example.com
975,Jeffrey Smith,Evaluator for Scholarship Applications,Middle East Technical University,jeffrey.smith@example.com
976,Andrew Evans,Interview Panel Member,University of Oslo,andrew.evans@example.com
977,Emily Stephens,Student Selection Officer,Sorbonne University,emily.stephens@example.com
978,Amanda Morrow,Admissions Interviewer,American University in Cairo,amanda.morrow@example.com
979,John Reed,Interview Panel Member,IIT Delhi,john.reed@example.com
980,Joshua Pineda,Student Selection Officer,University of Toronto,joshua.pineda@example.com
981,Jessica Rodriguez,Student Selection Officer,TU Munich,jessica.rodriguez@example.com
982,Lisa Barnes,Admissions Interviewer,University of Sydney,lisa.barnes@example.com
983,Katie Stephenson,Student Selection Officer,Karolinska Institutet,katie.stephenson@example.com
984,Alexis Harris,Admissions Interviewer,University of Lagos,alexis.harris@example.com
985,Craig Johnson,Program Evaluator,University of Sydney,craig.johnson@example.com
986,Carla Warner,Program Evaluator,American University in Cairo,carla.warner@example.com
987,Brandon Yang,Scholarship Interviewer,Tsinghua University,brandon.yang@example.com
988,Richard Young,Scholarship Interviewer,University of Lagos,richard.young@example.com
989,Jeff Shields,Scholarship Interviewer,IIT Delhi,jeff.shields@example.com
990,Brian Gordon,Student Selection Officer,University of Johannesburg,brian.gordon@example.com
991,Keith Cabrera,Interview Panel Member,Universitas Indonesia,keith.cabrera@example.com
992,Jessica Flores,Interview Panel Member,University of SÃ£o Paulo,jessica.flores@example.com
993,Carla Chambers,Scholarship Interviewer,University of SÃ£o Paulo,carla.chambers@example.com
994,Malik Turner,Scholarship Interviewer,Cairo University,malik.turner@example.com
995,Douglas Keller,Scholarship Interviewer,TU Munich,douglas.keller@example.com
996,Jeffrey Turner,Student Selection Officer,Tsinghua University,jeffrey.turner@example.com
997,Bruce Fry,Scholarship Interviewer,American University of Sharjah,bruce.fry@example.com
998,Nichole Buck,Scholarship Interviewer,Stanford University,nichole.buck@example.com
999,Connie Simmons,Admissions Interviewer,University of Melbourne,connie.simmons@example.com
1000,Tyler Compton,Evaluator for Scholarship Applications,DAAD,tyler.compton@example.com
