RecommenderID,FullName,Email,Position,Institution
1,Jennifer Williams,carmen46@hotmail.com,Dean,National University of Singapore
2,Corey Davis,qaustin@hotmail.com,Advisor,Tsinghua University
3,Jennifer Ramirez,alexanderallison@gmail.com,Advisor,Harvard University
4,Julia Young,andrewcoleman@yahoo.com,Researcher,Tsinghua University
5,Kayla Green,travisduncan@miller.com,Lecturer,University of Cape Town
6,Jennifer Fletcher,jacobyoung@hernandez.net,Mentor,University of Sao Paulo
7,Scott Romero,thomaskennedy@gmail.com,Dean,Harvard University
8,Peggy Wheeler,msmith@chandler.com,Mentor,Peking University
9,Troy Cook,ronald76@yahoo.com,Coordinator,King Saud University
10,Megan Ellison,gscott@wood.biz,Mentor,University of Toronto
11,Jennifer Lewis PhD,rachel21@shaw.info,Professor,University of Cambridge
12,Anthony Johnson MD,josephtheresa@hernandez.biz,Professor,Tsinghua University
13,Brandon Berry,jenniferzimmerman@gmail.com,Advisor,University of Cape Town
14,Gina Peterson,johnny28@yahoo.com,Coordinator,University of Cape Town
15,Janet Hayes,jessicaburnett@bond.com,Lecturer,University of Cape Town
16,Jack Singh,cheyennewheeler@hotmail.com,Lecturer,Tsinghua University
17,Jeremy Rogers,jasongrimes@mcmillan.com,Mentor,American University in Cairo
18,Matthew Blanchard,kevin89@gmail.com,Coordinator,King Saud University
19,Patrick Hodges,victor44@flores-lewis.com,Advisor,Tsinghua University
20,Jack Davis,wsandoval@mullins.com,Advisor,University of Oxford
21,Madison Pierce,sergio48@gmail.com,Mentor,University of Cambridge
22,Ronnie Smith,irichard@valenzuela.com,Advisor,University of Tokyo
23,Isaac Brown,kiara66@chapman.biz,Professor,National University of Singapore
24,Joshua Snyder,andrea92@yahoo.com,Mentor,University of Melbourne
25,John Kim,icontreras@jones-miller.com,Lecturer,University of British Columbia
26,Jeffrey Lopez,svalentine@gmail.com,Coordinator,University of Tokyo
27,Charles Walters,georgedouglas@garcia.biz,Lecturer,University of Toronto
28,Maria Camacho,sjacobs@bailey.com,Dean,University of British Columbia
29,Laura Li,zchavez@yahoo.com,Professor,University of Cambridge
30,Taylor Brown,yvettewhitney@yahoo.com,Mentor,Massachusetts Institute of Technology
31,Michele Wells,annetteburnett@chapman.net,Dean,ETH Zurich
32,Amy Nguyen,dylan38@jensen-smith.com,Researcher,ETH Zurich
33,Charles Benjamin,ebrown@noble-martin.info,Professor,University of Toronto
34,Kelsey Hall,washingtonhannah@gmail.com,Professor,American University in Cairo
35,Anita Aguilar,knightkimberly@frye.biz,Mentor,Harvard University
36,Leslie Robinson,michael81@hotmail.com,Mentor,Harvard University
37,Maria Warner,spaul@gmail.com,Mentor,University of Sydney
38,Kristine Ramos,kyle99@yahoo.com,Mentor,University of Oxford
39,Samantha Jimenez,wstewart@yahoo.com,Dean,Massachusetts Institute of Technology
40,Sean Black,carrielucas@gmail.com,Dean,University of Tokyo
41,Chad Brown,tcarter@hotmail.com,Advisor,ETH Zurich
42,Scott Wilson,campbellsteven@burke-hansen.com,Researcher,University of Cambridge
43,Donna Hartman,alexclayton@gmail.com,Professor,University of Sao Paulo
44,Mr. Michael Williams,lorraine79@campos.com,Mentor,Harvard University
45,Cindy Garrett MD,kimberlynunez@gmail.com,Mentor,Massachusetts Institute of Technology
46,Jessica Francis,sharon75@yahoo.com,Researcher,King Saud University
47,Margaret Orozco,sharonrobbins@hotmail.com,Advisor,American University in Cairo
48,Steven Powell,dwilkinson@yahoo.com,Professor,University of Oxford
49,Jasmine Jones,jeremiah83@yahoo.com,Professor,King Saud University
50,Stephen Harris,benjamin11@wilson.com,Lecturer,University of Sao Paulo
51,Ryan Lee,leonardhannah@hotmail.com,Lecturer,University of Toronto
52,Bradley Larson,emily38@yahoo.com,Coordinator,King Saud University
53,Judy Gibson,stephanie58@gmail.com,Professor,University of Cambridge
54,Michael Johnson,johnnybrown@hernandez-peterson.com,Lecturer,University of Cambridge
55,Jenna Mendoza,derekdiaz@williams.org,Mentor,University of Sao Paulo
56,Cynthia Mitchell,rscott@hotmail.com,Coordinator,Seoul National University
57,David Harris,jennifer93@parker.com,Professor,Harvard University
58,Joseph Huang,qsims@hernandez.com,Professor,University of Delhi
59,Jason Horton,jwalker@gmail.com,Researcher,University of Melbourne
60,Jennifer Santiago,nunezashley@hotmail.com,Mentor,Stanford University
61,Jennifer Garcia,gscott@sanders.net,Mentor,Harvard University
62,Anita Long,joshua95@love-monroe.info,Lecturer,University of Toronto
63,Jonathan Shaffer,derrick62@hotmail.com,Advisor,University of Delhi
64,Benjamin Hunter,ballardlouis@hotmail.com,Mentor,University of Tokyo
65,Diane Wyatt,wstrong@hotmail.com,Mentor,Massachusetts Institute of Technology
66,Christine Garcia,maurice52@hotmail.com,Coordinator,ETH Zurich
67,Alexander Allen,amanda90@lee-anderson.com,Coordinator,University of Sao Paulo
68,Andrea Thomas,rose63@yahoo.com,Advisor,National University of Singapore
69,Teresa Long,smithmeghan@gmail.com,Lecturer,University of Cape Town
70,John Nichols,francessmith@carrillo.info,Researcher,University of Cape Town
71,Zachary Mendez,stephaniecarr@oliver.org,Mentor,University of Toronto
72,Christina Wagner,michaelperez@harmon.com,Coordinator,University of Sao Paulo
73,Christie Scott,ycervantes@hoffman.com,Researcher,University of Cape Town
74,Robin Taylor,nmarsh@gmail.com,Professor,Seoul National University
75,Yolanda Long,fryekenneth@gmail.com,Advisor,University of Delhi
76,Nicole Thompson,sullivancurtis@davis-jackson.com,Coordinator,University of Tokyo
77,Bethany Walsh,erin99@miles.com,Advisor,Stanford University
78,Connie Oliver,townsendchristopher@calhoun.com,Dean,Massachusetts Institute of Technology
79,Jason Mason,julie11@gmail.com,Dean,University of Cape Town
80,Matthew Fleming Jr.,james20@adams-wells.com,Advisor,King Saud University
81,Christina Ward,andreareed@yahoo.com,Mentor,University of British Columbia
82,Sandra Johnson,catherine71@smith-orozco.com,Professor,Harvard University
83,Kevin Frazier,alvinfreeman@yahoo.com,Professor,University of Melbourne
84,Virginia Williams,cheyennecox@hotmail.com,Coordinator,University of Tokyo
85,David Bailey,james66@yahoo.com,Researcher,University of Melbourne
86,Connor Hall,jgomez@miller.com,Lecturer,University of Sao Paulo
87,Ryan Bryan,martinjulie@yahoo.com,Mentor,University of British Columbia
88,Paul Ayala,jhamilton@gmail.com,Lecturer,National University of Singapore
89,Kyle Torres,theresanewton@bruce.net,Advisor,University of Sao Paulo
90,Chris Frazier,williamklein@diaz-lopez.com,Coordinator,Peking University
91,Jackie Jensen,tyler78@rosario-rangel.info,Lecturer,University of Toronto
92,Stacey Jordan,nina69@little-kline.com,Professor,University of Cape Town
93,Melissa Robles,stewartchristopher@hotmail.com,Researcher,University of Delhi
94,Robert Cook,nicholasharris@rodriguez.biz,Dean,University of Toronto
95,Ryan Pacheco,tina55@cooke-miller.com,Advisor,University of Tokyo
96,Jason Parker,crystalkeller@gregory.com,Professor,University of Cambridge
97,Desiree Duran,bakerrachel@hernandez.com,Mentor,University of Tokyo
98,Karen Torres,vjoseph@yahoo.com,Lecturer,University of Tokyo
99,Denise Wright,joseph61@williams-elliott.info,Lecturer,National University of Singapore
100,James Pitts,nicole76@black-ellis.com,Researcher,National University of Singapore
101,April Roach,nbartlett@clark.net,Advisor,University of Cape Town
102,Sandy Thompson,scottprice@yahoo.com,Researcher,Stanford University
103,Mr. Anthony Fields DDS,taylorjohnson@shaw-cortez.com,Researcher,National University of Singapore
104,Teresa Singh,warrenjennifer@gutierrez.com,Dean,King Saud University
105,Kara Foster,ryan52@miller-woods.com,Researcher,University of Oxford
106,Mr. Jonathan Diaz,dawsonpaul@jordan.com,Lecturer,National University of Singapore
107,Caitlin Rodriguez,pruittnicole@davidson-ortega.com,Advisor,University of Sao Paulo
108,Dennis Ortiz,lbrown@hotmail.com,Researcher,University of Tokyo
109,Jordan Conley,margaretmartinez@ellison.info,Professor,University of Cambridge
110,Kenneth King,pharper@foster.biz,Professor,Peking University
111,Michelle Castro,edwin31@yahoo.com,Dean,University of Cambridge
112,John Brown,ubonilla@hotmail.com,Dean,Harvard University
113,Patricia Garza,bdavis@gmail.com,Mentor,ETH Zurich
114,Timothy Salazar,pamelawilliamson@rubio-oneal.net,Professor,University of Sao Paulo
115,Russell Woods,krauselaura@smith.com,Researcher,King Saud University
116,Mark Deleon,randy15@gmail.com,Coordinator,University of British Columbia
117,Daniel Medina,nicholasboone@gmail.com,Coordinator,Massachusetts Institute of Technology
118,Stephanie Ferguson,nancy12@jacobson.org,Advisor,ETH Zurich
119,Jessica Conley,pachecoerica@diaz.info,Professor,University of Sao Paulo
120,Miss Linda Caldwell DDS,benjamin16@gmail.com,Advisor,Seoul National University
121,Julie Steele,davidgreen@hotmail.com,Professor,University of Sao Paulo
122,Rodney Johnson,lewisashley@yahoo.com,Dean,University of Oxford
123,Karen Miles,christina70@gomez-barker.com,Researcher,University of Tokyo
124,Dillon Luna,meyermelissa@becker-hoover.org,Dean,University of Oxford
125,Marc Shields,stephaniepowell@hayden.com,Researcher,University of Oxford
126,Victoria Cochran,sheila42@fitzpatrick-frye.com,Coordinator,University of Cambridge
127,Kayla Medina,justinjohnson@yahoo.com,Mentor,University of Cape Town
128,Tammy Edwards,benjaminperez@gordon.com,Mentor,Massachusetts Institute of Technology
129,Barbara Park,yhuffman@brown-scott.com,Lecturer,University of Delhi
130,Joseph Jones,larryanderson@banks.net,Lecturer,Seoul National University
131,Virginia Wyatt,raymondlinda@lewis-graham.com,Coordinator,University of Sao Paulo
132,Brandon Rogers,vcollins@taylor.com,Professor,Peking University
133,Ashley Chambers,taylorsandoval@gmail.com,Professor,University of Cambridge
134,Colleen Clarke,theresa84@hotmail.com,Coordinator,ETH Zurich
135,Kimberly Mcneil,christensenveronica@wheeler-lee.biz,Mentor,University of Oxford
136,Stephen Simon,benjaminpeters@ramos-scott.com,Researcher,University of Tokyo
137,John Griffith,gonzalestimothy@ware.com,Coordinator,Harvard University
138,Julie Brown,thomas82@diaz.com,Advisor,National University of Singapore
139,Vernon Lam,hcurtis@gmail.com,Advisor,University of Delhi
140,Elizabeth Brooks,kbaker@gmail.com,Mentor,American University in Cairo
141,David Woodard,ihicks@wood.com,Coordinator,Harvard University
142,Roberta Hampton,thamilton@yahoo.com,Advisor,University of Cape Town
143,Carolyn Fisher,chloeclayton@yahoo.com,Lecturer,Seoul National University
144,Michael Holloway,heathergreene@pollard.com,Professor,Seoul National University
145,Zachary Moore,molinaangela@gmail.com,Mentor,King Saud University
146,David Greer,sandrapark@hill.info,Advisor,University of Tokyo
147,Cory Grant,michael43@hotmail.com,Mentor,Peking University
148,Angela Williams,alexanderrobinson@gmail.com,Professor,University of Oxford
149,Tara Hoffman,kellykatherine@scott.com,Researcher,ETH Zurich
150,Johnny Norman,skinnerdenise@sawyer.com,Lecturer,University of Tokyo
151,Rebecca Owens,jimenezkevin@yahoo.com,Advisor,American University in Cairo
152,Richard Sherman,john51@yahoo.com,Mentor,University of British Columbia
153,Kayla Roberts,jbaker@gmail.com,Professor,University of British Columbia
154,Jessica Anderson,james61@yahoo.com,Mentor,University of Cambridge
155,Dr. Joseph Elliott,juliegreen@williams.com,Coordinator,ETH Zurich
156,Craig Jones,bethany00@gmail.com,Lecturer,Seoul National University
157,Kelli Bennett,rbentley@yahoo.com,Mentor,National University of Singapore
158,Pamela Lucas,hernandezclaire@gmail.com,Coordinator,University of Tokyo
159,Lisa Morse,amartinez@hunter-flores.com,Advisor,Seoul National University
160,Robert Rhodes,ashley04@perez.info,Researcher,University of Delhi
161,Carlos Wright,daniellegallagher@lowe.com,Professor,ETH Zurich
162,Terry Mills,davidyu@young.net,Mentor,King Saud University
163,Alyssa Macdonald,christopher78@cunningham.com,Mentor,University of Cambridge
164,Don Cross,sanfordthomas@harding.com,Coordinator,King Saud University
165,Brian Davis,stephanie02@hotmail.com,Researcher,Seoul National University
166,Lorraine Mitchell,lisaeaton@hotmail.com,Mentor,Seoul National University
167,Zachary White,cristian13@gmail.com,Professor,University of Sao Paulo
168,Alec Long,terrancemoore@yahoo.com,Advisor,University of Toronto
169,Cassidy Burton,ashleydixon@knight-thompson.org,Lecturer,University of Cape Town
170,Mary Roberts,lutzdawn@gmail.com,Dean,National University of Singapore
171,Nichole Edwards,heathertaylor@hotmail.com,Coordinator,University of Sydney
172,Dennis Sanchez,spowell@flynn.com,Researcher,University of Tokyo
173,Scott Robinson,maysteven@manning.com,Coordinator,American University in Cairo
174,Richard White,veronica94@george.com,Lecturer,University of Sao Paulo
175,Shirley Johnson,xwilliams@yahoo.com,Dean,American University in Cairo
176,Jason Kim,montesjerry@white.net,Coordinator,University of British Columbia
177,Jamie Bishop,patrick57@horn.com,Advisor,Peking University
178,John Kaufman,garnermary@neal-anderson.com,Coordinator,ETH Zurich
179,Danielle Morales,gilbertpoole@miller.com,Coordinator,University of Cape Town
180,Vanessa Rivera,jenkinsbenjamin@jacobs.net,Mentor,University of Tokyo
181,Rebecca Rodriguez,whitney67@gmail.com,Lecturer,Tsinghua University
182,Stephanie Miller,jennifertaylor@gmail.com,Mentor,University of Oxford
183,Elizabeth Davis,tamarajackson@yahoo.com,Mentor,University of Melbourne
184,Joseph Smith,yhowe@gonzales.com,Researcher,University of Cambridge
185,William Cole,brucebanks@hotmail.com,Coordinator,Seoul National University
186,Holly Dawson,hendersonautumn@perry-weiss.org,Researcher,Seoul National University
187,Damon Ayers,lrios@jenkins.biz,Mentor,University of Oxford
188,Kevin Johnson,ganderson@pham.com,Researcher,American University in Cairo
189,Joe Aguilar,dyermichelle@reyes.biz,Advisor,ETH Zurich
190,Jessica Kim,mfloyd@yahoo.com,Lecturer,Harvard University
191,Ashley Pennington,miguel43@gmail.com,Professor,University of Cape Town
192,Jose Conway,jeffery56@yahoo.com,Advisor,National University of Singapore
193,Olivia Ray,christopher87@rodriguez-conner.com,Coordinator,University of British Columbia
194,Matthew Scott,gilbertcraig@yahoo.com,Lecturer,University of Toronto
195,Samuel Rodriguez,wperez@moss.com,Mentor,University of Cape Town
196,Mary Montes,gnichols@hotmail.com,Researcher,University of Oxford
197,Kevin Anderson,robinschmidt@hammond.net,Researcher,National University of Singapore
198,Dr. Tina Norton,jjohnson@wiggins-vargas.com,Dean,National University of Singapore
199,Deborah Chase,michael80@mcconnell-bowen.com,Coordinator,Massachusetts Institute of Technology
200,James Miller,morganangelica@gordon.org,Professor,University of Sydney
201,Jordan Adams,dawn36@welch-keller.com,Professor,University of Melbourne
202,Bradley Lin,xfuller@yahoo.com,Dean,National University of Singapore
203,Jason Hawkins,clarsen@bailey.com,Advisor,American University in Cairo
204,Daniel Silva,xmccarthy@gmail.com,Professor,Seoul National University
205,Robert Clark MD,dgarcia@herring.org,Professor,Stanford University
206,Michael Foster,kdavis@shepherd.com,Mentor,Stanford University
207,Jeffrey Smith,freemansandra@carter.com,Coordinator,University of Tokyo
208,Jasmine Chandler,whenry@gmail.com,Lecturer,Seoul National University
209,Melissa Paul,leslie89@flynn-wong.info,Advisor,University of Cambridge
210,Lisa Peterson,olarson@kline-palmer.com,Coordinator,Harvard University
211,Todd Harrison,william20@hotmail.com,Dean,University of Cambridge
212,Elizabeth Landry,phill@barker-stewart.com,Mentor,University of Tokyo
213,Brittney Ramirez,brittanyhickman@howell.com,Advisor,University of Toronto
214,Donald Smith,steven38@gmail.com,Lecturer,ETH Zurich
215,Alice Baker,turnerpatrick@yahoo.com,Advisor,Seoul National University
216,Lisa Williams,tbarnett@yahoo.com,Professor,American University in Cairo
217,Adam Scott,fmoore@thomas.org,Dean,University of Delhi
218,John Matthews,richard64@hotmail.com,Advisor,Peking University
219,Matthew Gordon,danielrobbins@jones-fletcher.info,Coordinator,University of Sydney
220,Billy Jenkins,martinezwilliam@obrien-rosales.com,Professor,University of Sao Paulo
221,Richard Hernandez,olivercindy@yahoo.com,Mentor,University of Toronto
222,Brett Hopkins,michael27@hartman.org,Dean,University of Oxford
223,Shelley Shannon,qmayo@yahoo.com,Advisor,Peking University
224,Eric Santana MD,fcarter@hotmail.com,Advisor,Massachusetts Institute of Technology
225,Alejandra Green,wayne58@gmail.com,Researcher,National University of Singapore
226,Jessica Kerr,brian46@mathews-carroll.org,Mentor,Massachusetts Institute of Technology
227,Erik Calderon,aarondouglas@gmail.com,Professor,University of Tokyo
228,Kristina Brown,justinvasquez@gmail.com,Dean,University of Toronto
229,Monica Ramirez,carldiaz@acosta.com,Lecturer,University of British Columbia
230,Melanie Pierce,scott89@thompson.com,Advisor,Tsinghua University
231,April Medina,natalie36@peterson.info,Advisor,Massachusetts Institute of Technology
232,Mrs. Brandy Schaefer,matthewstewart@hotmail.com,Lecturer,University of Delhi
233,Adam Webb,ijones@gmail.com,Dean,ETH Zurich
234,Cheryl Kelley,hallthomas@mitchell.com,Professor,University of Oxford
235,Charles Quinn,fgardner@sandoval.org,Mentor,Massachusetts Institute of Technology
236,Eric Lopez,andrewgardner@munoz.biz,Advisor,University of Cambridge
237,Michael Stewart,jaywilliams@suarez-murray.biz,Dean,University of Tokyo
238,Rebecca Pope,okennedy@reed.com,Mentor,University of Tokyo
239,Veronica Robertson,zbradley@anderson.biz,Lecturer,Seoul National University
240,Antonio Long,kathrynfranklin@gmail.com,Mentor,University of British Columbia
241,Sarah Ortiz,deborah17@gmail.com,Coordinator,University of British Columbia
242,Jason Lamb,evelyn49@mercado-robinson.info,Mentor,American University in Cairo
243,Nancy Smith,goodmanholly@nolan.com,Mentor,University of Melbourne
244,Timothy Jordan,markmendoza@gmail.com,Professor,National University of Singapore
245,Jamie King,jessicahunt@hotmail.com,Professor,University of Sydney
246,Mary Hudson,cwallace@hotmail.com,Professor,ETH Zurich
247,Jeffrey Lee,mhall@hotmail.com,Lecturer,Tsinghua University
248,Lindsay Phelps,ellen44@ramirez.org,Mentor,Massachusetts Institute of Technology
249,Lisa Roberson,chadhansen@hotmail.com,Advisor,King Saud University
250,Gary Richardson,bergsamuel@gmail.com,Researcher,University of Toronto
251,Andrew Sweeney,megan73@wilson-brown.com,Researcher,University of British Columbia
252,Sandra Marks,natashaburns@hotmail.com,Mentor,University of Cambridge
253,Shelley Richards,jessica19@haynes.com,Researcher,National University of Singapore
254,Craig Horn,michelle68@shelton-woods.com,Advisor,Harvard University
255,Daniel Delacruz,avaldez@hotmail.com,Lecturer,University of Delhi
256,Abigail Haynes,suzanne18@hotmail.com,Mentor,University of Cambridge
257,Pamela Lee,dennis44@elliott.com,Professor,Peking University
258,Amy Guerrero,vargasdennis@lawrence.info,Advisor,University of Tokyo
259,Shane Gonzalez,michael04@gmail.com,Professor,University of Toronto
260,John Garza,emily61@hotmail.com,Professor,University of British Columbia
261,Kevin Bennett,teresaramirez@hotmail.com,Dean,National University of Singapore
262,Angel Bailey,marcus26@gonzales-patrick.biz,Dean,University of Sydney
263,Jordan Taylor DVM,michael97@villanueva-daniels.com,Dean,University of Cape Town
264,Tammy Collins,hamiltonwayne@yahoo.com,Advisor,Seoul National University
265,Joseph Foster,jacobknox@hart.com,Dean,University of Toronto
266,Linda Flores,nolantaylor@gmail.com,Coordinator,University of Oxford
267,Matthew Reed,ismith@smith.com,Coordinator,University of Toronto
268,Cheryl Coleman,novakaaron@gmail.com,Coordinator,Massachusetts Institute of Technology
269,Victor Simon MD,rachelsantos@yahoo.com,Advisor,Peking University
270,Keith Roberts,hillmatthew@williams.com,Dean,University of Toronto
271,Chad Caldwell,sanchezmegan@wu-sandoval.info,Dean,National University of Singapore
272,Ralph Rivera,bgarcia@gmail.com,Coordinator,University of Cape Town
273,Kelsey Black,awhite@howard-kane.com,Mentor,University of Cape Town
274,Elizabeth Gilmore,brandon71@owens.biz,Dean,National University of Singapore
275,Dawn Jefferson,soliskenneth@gmail.com,Advisor,University of Sydney
276,Joseph Lara,ihayes@hotmail.com,Lecturer,ETH Zurich
277,Karen Ramos,qnavarro@hotmail.com,Dean,National University of Singapore
278,Melissa Hale,warrenmicheal@hotmail.com,Lecturer,Harvard University
279,Michael Bender,amanda67@yahoo.com,Lecturer,University of Sydney
280,David Parker,othompson@clarke.com,Advisor,Seoul National University
281,John Yoder,wadederek@gmail.com,Coordinator,ETH Zurich
282,Christy Ward,matthew42@yahoo.com,Advisor,University of British Columbia
283,Curtis Orozco,jamiewells@mccoy.com,Dean,University of Toronto
284,Savannah Sanchez,iyork@gmail.com,Advisor,University of Oxford
285,Tina Davenport,riverajames@yahoo.com,Mentor,University of Cambridge
286,Shawn Howell,krista42@hotmail.com,Advisor,Harvard University
287,Mrs. Amanda Lopez,zwillis@lee.com,Researcher,National University of Singapore
288,Jasmine Garcia,robertsonjordan@yahoo.com,Advisor,Harvard University
289,Alexandria Bauer,elizabethhays@yahoo.com,Researcher,ETH Zurich
290,Kimberly Harper MD,tanner17@hotmail.com,Advisor,University of Tokyo
291,Michelle Garrett,astevens@hotmail.com,Dean,University of Cambridge
292,Ryan Schroeder,kennethhooper@garcia.org,Mentor,Seoul National University
293,Kristin Johnson,ssmith@yahoo.com,Professor,Seoul National University
294,Leonard Rasmussen,josephharris@hotmail.com,Researcher,American University in Cairo
295,Amanda Cole,mary39@stevens.com,Advisor,American University in Cairo
296,Ann Richardson,eric45@james-stephenson.org,Researcher,University of Tokyo
297,Gloria Wilson,jacqueline63@burnett.com,Dean,National University of Singapore
298,Natalie Ware,sanchezjulia@gmail.com,Professor,American University in Cairo
299,Mr. Jeremy Sanchez,ericasnyder@hotmail.com,Professor,Massachusetts Institute of Technology
300,Rebecca Simon,williamsbryan@hatfield.com,Coordinator,Tsinghua University
